-- phpMyAdmin SQL Dump
-- version 5.2.1
-- https://www.phpmyadmin.net/
--
-- Host: 127.0.0.1
-- Generation Time: Dec 15, 2024 at 05:06 PM
-- Server version: 10.4.32-MariaDB
-- PHP Version: 8.2.12

SET SQL_MODE = "NO_AUTO_VALUE_ON_ZERO";
START TRANSACTION;
SET time_zone = "+00:00";


/*!40101 SET @OLD_CHARACTER_SET_CLIENT=@@CHARACTER_SET_CLIENT */;
/*!40101 SET @OLD_CHARACTER_SET_RESULTS=@@CHARACTER_SET_RESULTS */;
/*!40101 SET @OLD_COLLATION_CONNECTION=@@COLLATION_CONNECTION */;
/*!40101 SET NAMES utf8mb4 */;

--
-- Database: `test_mkp`
--

-- --------------------------------------------------------

--
-- Table structure for table `company`
--

CREATE TABLE `company` (
  `id` int(11) NOT NULL,
  `company_name` varchar(255) NOT NULL,
  `type` varchar(100) DEFAULT NULL,
  `company_address` varchar(255) DEFAULT NULL,
  `city` varchar(100) DEFAULT NULL
) ENGINE=InnoDB DEFAULT CHARSET=utf8mb4 COLLATE=utf8mb4_general_ci;

--
-- Dumping data for table `company`
--

INSERT INTO `company` (`id`, `company_name`, `type`, `company_address`, `city`) VALUES
(1, 'Mydeo', 'PERSEROAN', 'Apt 743', 'Quxi'),
(2, 'Yabox', 'PEMDA', 'Room 442', 'Stockholm'),
(3, 'Jatri', 'PEMDA', 'Suite 89', 'Padangbatung'),
(4, 'Einti', 'PABRIK', 'Room 1233', 'Orlovskiy'),
(5, 'Yotz', 'PERSEROAN', 'Suite 37', 'Mtsamdou'),
(6, 'Devcast', 'PABRIK', 'Room 590', 'Aūa');

-- --------------------------------------------------------

--
-- Table structure for table `customer`
--

CREATE TABLE `customer` (
  `id` int(11) NOT NULL,
  `first_name` varchar(100) NOT NULL,
  `last_name` varchar(100) DEFAULT NULL,
  `birth_date` date DEFAULT NULL,
  `email` varchar(255) NOT NULL,
  `phone_number` varchar(20) DEFAULT NULL,
  `address` varchar(255) DEFAULT NULL,
  `gender` varchar(10) DEFAULT NULL,
  `company` int(11) DEFAULT NULL,
  `photo` varchar(255) DEFAULT NULL
) ENGINE=InnoDB DEFAULT CHARSET=utf8mb4 COLLATE=utf8mb4_general_ci;

--
-- Dumping data for table `customer`
--

INSERT INTO `customer` (`id`, `first_name`, `last_name`, `birth_date`, `email`, `phone_number`, `address`, `gender`, `company`, `photo`) VALUES
(1, 'Casey', 'Pandey', '2023-04-17', 'cpandey0@home.pl', '997-474-3385', 'Suite 57', 'Female', 6, 'data:image/png;base64,iVBORw0KGgoAAAANSUhEUgAAABAAAAAQCAYAAAAf8/9hAAAABGdBTUEAAK/INwWK6QAAABl0RVh0U29mdHdhcmUAQWRvYmUgSW1hZ2VSZWFkeXHJZTwAAAHlSURBVDjLpVPLShxBFD3T3WOUUUGYByhkI+50o6Bmo3ErAVG3Qvb5giyThets8gmC+DYQzEaGBMUnBhQRJAEXQuZJ8Mlodz28t6rbGY2b4IXqU1XcO'),
(2, 'Ambros', 'Bradbury', '2023-01-20', 'abradbury1@ebay.com', '420-990-7696', 'Apt 1766', 'Male', 5, 'data:image/png;base64,iVBORw0KGgoAAAANSUhEUgAAABAAAAAQCAYAAAAf8/9hAAAABGdBTUEAAK/INwWK6QAAABl0RVh0U29mdHdhcmUAQWRvYmUgSW1hZ2VSZWFkeXHJZTwAAAJ+SURBVBgZlcFLSBRhAAfw/858s860aygiptIp9NChoDzkxYNUYIcO0TUIOghFUNElvEad6lBkdEqCIugi3QQfLR2yQumBaPh+7Li7o/uanfmes1972'),
(3, 'Wells', 'Gunby', '2023-01-26', 'wgunby2@google.nl', '541-601-2263', '17th Floor', 'Male', 6, 'data:image/png;base64,iVBORw0KGgoAAAANSUhEUgAAABAAAAAQCAYAAAAf8/9hAAAABGdBTUEAAK/INwWK6QAAABl0RVh0U29mdHdhcmUAQWRvYmUgSW1hZ2VSZWFkeXHJZTwAAAKtSURBVDjLpZPrT5JRHMfdetn/4evet3QrhGayZathrbwNppMU8ckFONEhoiGFeMNL4o3yBoi37lQQ89rYypaLIitTQVSUWKC9+Haeg5P5svXi+5zf7'),
(4, 'Benoite', 'Trippett', '2023-11-16', 'btrippett3@google.nl', '847-277-0525', 'Suite 90', 'Female', 3, 'data:image/png;base64,iVBORw0KGgoAAAANSUhEUgAAABAAAAAQCAYAAAAf8/9hAAAABGdBTUEAAK/INwWK6QAAABl0RVh0U29mdHdhcmUAQWRvYmUgSW1hZ2VSZWFkeXHJZTwAAAJsSURBVBgZfcFLbExhGIDh9z9zztw6marQUm1DNZEQEdUpsRC2lLgsJDZNGmFjY2nBErGzENewIEUQRBBBJFW3IC6xqqYSd4tWtOPMnMv/fdqYUIvxP'),
(5, 'Wilburt', 'Peddie', '2023-02-25', 'wpeddie4@bbb.org', '824-587-2628', 'Room 1383', 'Male', 5, 'data:image/png;base64,iVBORw0KGgoAAAANSUhEUgAAABAAAAAQCAYAAAAf8/9hAAAABGdBTUEAAK/INwWK6QAAABl0RVh0U29mdHdhcmUAQWRvYmUgSW1hZ2VSZWFkeXHJZTwAAAGrSURBVDjLpZM9a1RhEIWfu3eNYVcLiYqrmA8QjPgrBFGws4uCrYKdVgFBAorYWFtYBe0FiQqbRlBbERGDhUEwxkRBiCEbZd85x2LvfrFbBDLVFHMez'),
(6, 'Annabel', 'Kendal', '2022-12-13', 'akendal5@howstuffworks.com', '405-299-3235', 'Apt 1730', 'Female', 5, 'data:image/png;base64,iVBORw0KGgoAAAANSUhEUgAAABAAAAAQCAYAAAAf8/9hAAAABGdBTUEAAK/INwWK6QAAABl0RVh0U29mdHdhcmUAQWRvYmUgSW1hZ2VSZWFkeXHJZTwAAAI2SURBVDjLjZPda5JhGMZX/0AHnRQldFwjCs0maplQE8mJ5Wxr6WiWa7XaAoVFrSTbWFpslQ6NDjroAzJYnZQSHQQj6DBaBx7awcQv/P52XT3303pn5'),
(7, 'Filippo', 'Dyott', '2023-03-10', 'fdyott6@csmonitor.com', '705-478-6711', 'Apt 208', 'Male', 2, 'data:image/png;base64,iVBORw0KGgoAAAANSUhEUgAAABAAAAAQCAYAAAAf8/9hAAAABGdBTUEAAK/INwWK6QAAABl0RVh0U29mdHdhcmUAQWRvYmUgSW1hZ2VSZWFkeXHJZTwAAALFSURBVDjLjZPfS1phGMeFXdef0bVXMeiiQS0hNeeCuuhKUFzKEnU/lDEKxZazaEop20Ub1QpaRhdrjFVgGY4RyEYuj80y7SfMNH9l/vzufV9mrO1mB'),
(8, 'Dottie', 'Aspel', '2023-02-15', 'daspel7@ibm.com', '674-905-1946', '12th Floor', 'Female', 1, 'data:image/png;base64,iVBORw0KGgoAAAANSUhEUgAAABAAAAAQCAYAAAAf8/9hAAAABGdBTUEAAK/INwWK6QAAABl0RVh0U29mdHdhcmUAQWRvYmUgSW1hZ2VSZWFkeXHJZTwAAAK4SURBVDjLbZJfSFNhGMaf72znbGfNaTRboKViYQUqmFp0IxVEFyMpoaQVBCWhV3kRdBPdCN2kiBBRgURdpBddCDIwIYoILcwyJEJiC8tIJZuzze387'),
(9, 'Ber', 'Kinchley', '2023-05-16', 'bkinchley8@auda.org.au', '709-214-1878', 'Suite 13', 'Male', 6, 'data:image/png;base64,iVBORw0KGgoAAAANSUhEUgAAABAAAAAQCAYAAAAf8/9hAAAABGdBTUEAAK/INwWK6QAAABl0RVh0U29mdHdhcmUAQWRvYmUgSW1hZ2VSZWFkeXHJZTwAAAJCSURBVDjLjZPNTxNBGIerBy/eOAgmYoz/gCYoJ/XgxZsxnrygFw8eJJGDiQc0MZEElFBL2igkoBBEFLUWaYNQiB+gKd1WbVKUCgVp2O3H2N3tfvYDf'),
(10, 'Tedd', 'Bickle', '2023-06-17', 'tbickle9@apache.org', '479-177-6872', 'Suite 75', 'Male', 1, 'data:image/png;base64,iVBORw0KGgoAAAANSUhEUgAAABAAAAAQCAYAAAAf8/9hAAAABGdBTUEAAK/INwWK6QAAABl0RVh0U29mdHdhcmUAQWRvYmUgSW1hZ2VSZWFkeXHJZTwAAAJ3SURBVDjLfZLNi01xGMc/zzm/c9/NDMZLudOENGPyLkphw5aFkrKgLFhbWZCV/AeyVBMlpCQbFEWRBRKGMcMMo7yOe+fOueeec+7v91jc8TLT8Cy/P'),
(11, 'Sibella', 'Childes', '2023-06-22', 'schildesa@ifeng.com', '998-784-0439', '7th Floor', 'Female', 2, 'data:image/png;base64,iVBORw0KGgoAAAANSUhEUgAAABAAAAAQCAYAAAAf8/9hAAAABGdBTUEAAK/INwWK6QAAABl0RVh0U29mdHdhcmUAQWRvYmUgSW1hZ2VSZWFkeXHJZTwAAAJRSURBVBgZBcExiJZlHADw3/O+732enKYdQVeklWBeoSBFtmgNNrRcQ9DSFBQZDU4OEYSNbQUtCg5FEAUpDdXSUliBQRBEBBXeVuFZnvKd1/e9z/P/9'),
(12, 'Jonah', 'Pooly', '2023-01-26', 'jpoolyb@shutterfly.com', '627-564-8245', 'Suite 15', 'Male', 2, 'data:image/png;base64,iVBORw0KGgoAAAANSUhEUgAAABAAAAAQCAYAAAAf8/9hAAAABGdBTUEAAK/INwWK6QAAABl0RVh0U29mdHdhcmUAQWRvYmUgSW1hZ2VSZWFkeXHJZTwAAAF1SURBVBgZpcGxalRBFMfh35yZGwK72mrrO2yxoIXFvIBNGksrsbISFGuxMRDIGwhiCtttrq9hCgWxSLtVsor3nvN3RwxcggTCfl+SxC7So+cfnz14u'),
(13, 'Selle', 'Feldbau', '2023-09-21', 'sfeldbauc@cbc.ca', '682-548-3935', '12th Floor', 'Female', 6, 'data:image/png;base64,iVBORw0KGgoAAAANSUhEUgAAABAAAAAQCAYAAAAf8/9hAAAABGdBTUEAAK/INwWK6QAAABl0RVh0U29mdHdhcmUAQWRvYmUgSW1hZ2VSZWFkeXHJZTwAAAJFSURBVDjLjZPPS1RRFMc/9703ao40jqbkj9EkjKBFQdaioiCKskVLqXWBJFTQIqJFhYsIgoRctG3TPxCIoFCiCZERUisXplLa+IPUkcZ57/44LUanM'),
(14, 'Myrtice', 'Elies', '2023-03-29', 'meliesd@guardian.co.uk', '241-550-3486', 'Suite 97', 'Female', 1, 'data:image/png;base64,iVBORw0KGgoAAAANSUhEUgAAABAAAAAQCAYAAAAf8/9hAAAABGdBTUEAAK/INwWK6QAAABl0RVh0U29mdHdhcmUAQWRvYmUgSW1hZ2VSZWFkeXHJZTwAAAIsSURBVDjLpZPNbhJRFMf/w9fwNUiVlZWPncSmqemm7FjZaGJcsdCkS17AJ8AH6BvU6BKfgFIXLqArTQngSoPUDSGEhAUCLQN3xnPOMLSJGBdOcnK45'),
(15, 'Serena', 'Wethered', '2023-05-24', 'swetherede@bravesites.com', '788-188-6796', 'Apt 996', 'Female', 6, 'data:image/png;base64,iVBORw0KGgoAAAANSUhEUgAAABAAAAAQCAYAAAAf8/9hAAAABGdBTUEAAK/INwWK6QAAABl0RVh0U29mdHdhcmUAQWRvYmUgSW1hZ2VSZWFkeXHJZTwAAAKtSURBVDjLfZNNaFRnFIaf785PpqMzE8JEbYgaFZOggoLWaHFRrCIUi1qEdudGaGnpqqWLUi1ZKeKuaF0UKgiCdlNairRuXNiFCyUG/xLzVycmk2Scy'),
(16, 'Isabella', 'Loveday', '2023-10-30', 'ilovedayf@twitter.com', '854-302-2338', '3rd Floor', 'Female', 6, 'data:image/png;base64,iVBORw0KGgoAAAANSUhEUgAAABAAAAAQCAYAAAAf8/9hAAAABGdBTUEAAK/INwWK6QAAABl0RVh0U29mdHdhcmUAQWRvYmUgSW1hZ2VSZWFkeXHJZTwAAAKUSURBVBgZBcHda5V1AADg5/29Z/NMNzvW5qbhwmLpQkpbkqBFXvVBF0pXUXdddVMHu5Agsv6D8KbwppC6LRAqQWhdRKTmoAwvnJSOOsqmTmU7H+/H7'),
(17, 'Winnah', 'Francesch', '2023-02-18', 'wfranceschg@pinterest.com', '332-573-8119', 'Suite 11', 'Female', 2, 'data:image/png;base64,iVBORw0KGgoAAAANSUhEUgAAABAAAAAQCAYAAAAf8/9hAAAABGdBTUEAAK/INwWK6QAAABl0RVh0U29mdHdhcmUAQWRvYmUgSW1hZ2VSZWFkeXHJZTwAAAJQSURBVDjLpZM7SJUBFMd/371FVnp9VVppoaI377UwKrgVREMQ0WPIoQgKGnJxiGjJoMUSpIaguanHFkFGDUFLQ0NlpRiBg4qV1e1mJr7u/c6jIVDDx'),
(18, 'Anallise', 'Northgraves', '2023-01-28', 'anorthgravesh@blinklist.com', '681-817-6224', '12th Floor', 'Female', 3, 'data:image/png;base64,iVBORw0KGgoAAAANSUhEUgAAABAAAAAQCAYAAAAf8/9hAAAABGdBTUEAAK/INwWK6QAAABl0RVh0U29mdHdhcmUAQWRvYmUgSW1hZ2VSZWFkeXHJZTwAAAHiSURBVDjLzZPdS5NRHMf3Fwy67yYqepnzrSgJetEyl8s0GqvYEHLDFiGr4VwQZTcOpzfeVgQiCIJ4IWJUN+WNUhQqqAVjpg0c4vY8p7l89uLzfDpbV'),
(19, 'Winonah', 'Klousner', '2023-03-19', 'wklousneri@gnu.org', '693-403-7848', 'Apt 1335', 'Female', 5, 'data:image/png;base64,iVBORw0KGgoAAAANSUhEUgAAABAAAAAQCAYAAAAf8/9hAAAABGdBTUEAAK/INwWK6QAAABl0RVh0U29mdHdhcmUAQWRvYmUgSW1hZ2VSZWFkeXHJZTwAAAMtSURBVDjLVZNLa1xlAIafc5szk8xkMkkm5MKY2EpT2qa2MTVCmoLS2gq6EKooimAW7iQb/0I2bgTRIog0oFW7KQpCS7VqrSmmJGlSQtswqWlLLmbGm'),
(20, 'Perl', 'Thackston', '2023-07-23', 'pthackstonj@gov.uk', '424-630-1194', 'Apt 1847', 'Female', 2, 'data:image/png;base64,iVBORw0KGgoAAAANSUhEUgAAABAAAAAQCAYAAAAf8/9hAAAABGdBTUEAAK/INwWK6QAAABl0RVh0U29mdHdhcmUAQWRvYmUgSW1hZ2VSZWFkeXHJZTwAAAJGSURBVDjLpZNLTxpRFMdd+EX8BixZ6VfxQ9imq3YzSdNVE2MNyEMYAeUNofIKEBjA8CoiM4BCgiQgaJqWtjySAc2/585iogG76eI/czN3/r9z7jnnb'),
(21, 'Blanche', 'Ambroise', '2023-05-03', 'bambroisek@taobao.com', '869-433-9502', 'PO Box 69980', 'Female', 6, 'data:image/png;base64,iVBORw0KGgoAAAANSUhEUgAAABAAAAAQCAYAAAAf8/9hAAAABGdBTUEAAK/INwWK6QAAABl0RVh0U29mdHdhcmUAQWRvYmUgSW1hZ2VSZWFkeXHJZTwAAAJGSURBVBgZpcFLaFVXFIDh/5yc5EZJhN6E+koziC/UtqgIUYOIbZWGgkNLUVAcOHToRBCU6qygExGHQmfViSCCD0RQELVQCoW2UDW2iimlJrnn7rP3W'),
(22, 'Tiphany', 'Tock', '2023-03-01', 'ttockl@altervista.org', '477-652-3178', 'Room 657', 'Female', 6, 'data:image/png;base64,iVBORw0KGgoAAAANSUhEUgAAABAAAAAQCAYAAAAf8/9hAAAABGdBTUEAAK/INwWK6QAAABl0RVh0U29mdHdhcmUAQWRvYmUgSW1hZ2VSZWFkeXHJZTwAAALQSURBVBgZBcFfaJVlHADg532/bzvNo9MtY1oXRlRWsCREIlFXoaBmUEIkaH9uCsokEIK6qbtg4UVBIN0kFETQnVQ3FmXOxMwg1BApA9GdTdFJbLqzc'),
(23, 'Kim', 'Phipps', '2022-12-20', 'kphippsm@posterous.com', '843-666-8632', '10th Floor', 'Female', 2, 'data:image/png;base64,iVBORw0KGgoAAAANSUhEUgAAABAAAAAQCAQAAAC1+jfqAAAABGdBTUEAAK/INwWK6QAAABl0RVh0U29mdHdhcmUAQWRvYmUgSW1hZ2VSZWFkeXHJZTwAAADHSURBVCjPdZFNbsIwFAa/5B5FuQPCOQ9HQuqCq3SHUAtrrgFCSKQk8Y80XTjYJqiajRfj55GftNBKJtGoRiXSytlAZORzM1ckExjouHEm0LPdqHkTR'),
(24, 'Gustavo', 'Annon', '2023-08-12', 'gannonn@comcast.net', '641-975-9062', '20th Floor', 'Male', 6, 'data:image/png;base64,iVBORw0KGgoAAAANSUhEUgAAABAAAAAQCAYAAAAf8/9hAAAABGdBTUEAAK/INwWK6QAAABl0RVh0U29mdHdhcmUAQWRvYmUgSW1hZ2VSZWFkeXHJZTwAAAKySURBVDjLbZNdSFNhGMf/Z9txO8t9iBuHvvzIaszcXKlBV5qUehFWLmkVQWAhGEQjom4isIugyIuBRHUTpRdBSFYIdllQoRlq2ccWbpCGms7PTXc+e'),
(25, 'Timi', 'Carlon', '2023-05-07', 'tcarlono@privacy.gov.au', '775-582-5323', 'Suite 26', 'Female', 5, 'data:image/png;base64,iVBORw0KGgoAAAANSUhEUgAAABAAAAAQCAYAAAAf8/9hAAAABGdBTUEAAK/INwWK6QAAABl0RVh0U29mdHdhcmUAQWRvYmUgSW1hZ2VSZWFkeXHJZTwAAAJzSURBVDjLpZNLbxJRFMf7AfwEfA5YunTDTnwk3RlfMWFj4qKpKyfV2EVjhMwAUUyb1gYqCdWgQmqkRToFaRoLBcoUEGiB8hoQpgzPcpxzgREfO2/y3'),
(26, 'Nettie', 'Dewey', '2023-05-10', 'ndeweyp@imgur.com', '247-491-0962', 'Suite 29', 'Female', 1, 'data:image/png;base64,iVBORw0KGgoAAAANSUhEUgAAABAAAAAQCAYAAAAf8/9hAAAABGdBTUEAAK/INwWK6QAAABl0RVh0U29mdHdhcmUAQWRvYmUgSW1hZ2VSZWFkeXHJZTwAAAJpSURBVDjLpZM7aFRRFEXXffPyJokzmkSFWBiJiGBEDH5io8QmIIqFojbaaGkZSBVtbAOCpZU2IhhRLJSAEFELISIpRBB/wxgwakYnn5d5n3vvORZCj'),
(27, 'Neilla', 'Kleinstein', '2023-10-06', 'nkleinsteinq@gmpg.org', '375-711-9607', 'Suite 12', 'Female', 6, 'data:image/png;base64,iVBORw0KGgoAAAANSUhEUgAAABAAAAAQCAYAAAAf8/9hAAAABGdBTUEAAK/INwWK6QAAABl0RVh0U29mdHdhcmUAQWRvYmUgSW1hZ2VSZWFkeXHJZTwAAAK5SURBVBgZBcFPaJZ1HADwz+95n3e6uTnREGdljRKtGCYiHTLxkIUmQeeCOnXzVnQIoi5BQV08TMo6GIiHiKI6ZEWgszzEmtpqSDP7s9ycm9NN977vn'),
(28, 'Gretal', 'Doick', '2023-01-19', 'gdoickr@cocolog-nifty.com', '624-238-9115', 'Room 1224', 'Female', 2, 'data:image/png;base64,iVBORw0KGgoAAAANSUhEUgAAABAAAAAQCAYAAAAf8/9hAAAABGdBTUEAAK/INwWK6QAAABl0RVh0U29mdHdhcmUAQWRvYmUgSW1hZ2VSZWFkeXHJZTwAAAG5SURBVDjLpdHNa9MAGMfx/BtBvO/i26XBw0DEocLUSift2Lp2LupYFh2CVLA6rIMVmqaiqxDZxaJQNehSspCksdYXRNGJzOKmNz0IDpRSvH+9SBVEa'),
(29, 'Bill', 'Burleigh', '2023-10-09', 'bburleighs@pagesperso-orange.fr', '414-505-8428', 'Apt 1260', 'Female', 2, 'data:image/png;base64,iVBORw0KGgoAAAANSUhEUgAAABAAAAAQCAQAAAC1+jfqAAAABGdBTUEAAK/INwWK6QAAABl0RVh0U29mdHdhcmUAQWRvYmUgSW1hZ2VSZWFkeXHJZTwAAADCSURBVCjPY/jPgB8yUEtBeUL5+ZL/Be+z61PXJ7yPnB8sgGFCcX3m/6z9IFbE/JD/XucxFOTWp/5PBivwr/f77/gfQ0F6ffz/aKACXwG3+27/LeZjK'),
(30, 'Tabbie', 'Sirrell', '2023-03-07', 'tsirrellt@state.gov', '721-478-8197', 'Apt 438', 'Female', 4, 'data:image/png;base64,iVBORw0KGgoAAAANSUhEUgAAABAAAAAQCAYAAAAf8/9hAAAABGdBTUEAAK/INwWK6QAAABl0RVh0U29mdHdhcmUAQWRvYmUgSW1hZ2VSZWFkeXHJZTwAAAIESURBVDjLlVJtaxpBEH7uvNSL50skFBqCiDVYpCWiIAjtx4Ih4I/zs78jkD9QioVAUBGNWigqRfpBxSO+3LnbmY13mNQWOvAwuzszz7zsQEoJBomWz'),
(31, 'Giordano', 'Celez', '2023-02-23', 'gcelezu@uol.com.br', '188-159-9431', '16th Floor', 'Male', 1, 'data:image/png;base64,iVBORw0KGgoAAAANSUhEUgAAABAAAAAQCAQAAAC1+jfqAAAABGdBTUEAAK/INwWK6QAAABl0RVh0U29mdHdhcmUAQWRvYmUgSW1hZ2VSZWFkeXHJZTwAAACWSURBVCjPY/jPgB8y0ElB+YHyA8UTcg+kLYjfEP4Bm4ILxQa5Dqn/4xv+M/hdcHXAUFAc8J8hzSH+fzhQgauCjQJWN8Q7RPz3AyqwmWC0QfO/wgKJB'),
(32, 'Eileen', 'Cornforth', '2023-08-28', 'ecornforthv@cbslocal.com', '622-306-1676', 'Suite 45', 'Female', 4, 'data:image/png;base64,iVBORw0KGgoAAAANSUhEUgAAABAAAAAQCAYAAAAf8/9hAAAABGdBTUEAAK/INwWK6QAAABl0RVh0U29mdHdhcmUAQWRvYmUgSW1hZ2VSZWFkeXHJZTwAAAIpSURBVDjLpZP7T1JhGMfPn9RaznVZa7Zhl1WoOI1ZtNlmq5Wrma1jMTSG5li1ahWSFJKmjuhEYzVJCDGQUNJI7WYX7ALnhFwiKFvn2zkHKw6d33y27'),
(33, 'Esra', 'Bloan', '2023-09-02', 'ebloanw@ameblo.jp', '304-181-3518', 'PO Box 76112', 'Male', 1, 'data:image/png;base64,iVBORw0KGgoAAAANSUhEUgAAABAAAAAQCAYAAAAf8/9hAAAABGdBTUEAAK/INwWK6QAAABl0RVh0U29mdHdhcmUAQWRvYmUgSW1hZ2VSZWFkeXHJZTwAAAIsSURBVDjLpZNdSFNhGMfPKBKvomKECH5c2AcVNpgILUNmid40KaKstGzk/Eh2oQjDRrYRpSN3xkoXuWzpqW2iCdOokYYTa9uxliLVMItlWKR1YZNt6'),
(34, 'Roarke', 'Ratt', '2023-02-15', 'rrattx@jigsy.com', '481-692-0744', 'Room 1443', 'Male', 2, 'data:image/png;base64,iVBORw0KGgoAAAANSUhEUgAAABAAAAAQCAYAAAAf8/9hAAAABGdBTUEAAK/INwWK6QAAABl0RVh0U29mdHdhcmUAQWRvYmUgSW1hZ2VSZWFkeXHJZTwAAAHUSURBVDjLxZM7a1RhEIafc3J2z6qJkIuCKChItBNSBQ0iIlZiK4gWItj6HwRbC7FRf4CVnSCIkH9gJVjYiCDximCyZ7/zfXOz2A0I2qVwmmFg3rm87'),
(35, 'Jo', 'Rushworth', '2023-02-15', 'jrushworthy@themeforest.net', '676-252-5963', 'Room 1044', 'Male', 5, 'data:image/png;base64,iVBORw0KGgoAAAANSUhEUgAAABAAAAAQCAYAAAAf8/9hAAAABGdBTUEAAK/INwWK6QAAABl0RVh0U29mdHdhcmUAQWRvYmUgSW1hZ2VSZWFkeXHJZTwAAAHaSURBVDjLlZO7a1NRHMfzfzhIKQ5OHR1ddRRBLA6lg4iTd5PSas37YR56Y2JiHgg21uoFxSatCVFjbl5iNBBiMmUJgWwZhCB4pR9/V4QKfSQdDufF5'),
(36, 'Barr', 'Hanigan', '2023-03-23', 'bhaniganz@prlog.org', '209-606-4516', 'Room 1987', 'Male', 2, 'data:image/png;base64,iVBORw0KGgoAAAANSUhEUgAAABAAAAAQCAYAAAAf8/9hAAAABGdBTUEAAK/INwWK6QAAABl0RVh0U29mdHdhcmUAQWRvYmUgSW1hZ2VSZWFkeXHJZTwAAAJ+SURBVDjLfZPNTxNRFMXnX3DhxkRN48aEf8CkYaFGAy7cKImRCAv8iInGnSDGhSFEsJqoUWxABGNQ0zZFGrWRfqS1rf2ype1MC5FaytBmirWK1M7YT'),
(37, 'Wilfred', 'Kollach', '2023-08-17', 'wkollach10@state.tx.us', '226-910-7639', '9th Floor', 'Male', 2, 'data:image/png;base64,iVBORw0KGgoAAAANSUhEUgAAABAAAAAQCAYAAAAf8/9hAAAABGdBTUEAAK/INwWK6QAAABl0RVh0U29mdHdhcmUAQWRvYmUgSW1hZ2VSZWFkeXHJZTwAAAKSSURBVDjLnVPdSxRRFP/N7Pq1U+q2an5tPqSVPQjhF1hYrElJBBE9RPQY7Ev00h9Q7EMLRSAGhUIP0UNqQkaYCOVDUJEZ9iDqurhGsaDpbOvq7uzO3'),
(38, 'Hermia', 'Schwandt', '2023-03-09', 'hschwandt11@netvibes.com', '537-413-6680', 'Suite 68', 'Female', 3, 'data:image/png;base64,iVBORw0KGgoAAAANSUhEUgAAABAAAAAQCAYAAAAf8/9hAAAABGdBTUEAAK/INwWK6QAAABl0RVh0U29mdHdhcmUAQWRvYmUgSW1hZ2VSZWFkeXHJZTwAAAMBSURBVDjLTdFNaJt1AMfx7/OePGnypE27LbNrcbpZKagTqQ6ZjsmGOETxoKiXwURlgkz04sGDeFGYMhEv7ii7DAU9dXOgMCcOy8bYRLtRN03b2Jeka'),
(39, 'Bobine', 'Heakey', '2023-11-15', 'bheakey12@google.ca', '914-472-9226', 'Room 1102', 'Female', 2, 'data:image/png;base64,iVBORw0KGgoAAAANSUhEUgAAABAAAAAQCAYAAAAf8/9hAAAABGdBTUEAAK/INwWK6QAAABl0RVh0U29mdHdhcmUAQWRvYmUgSW1hZ2VSZWFkeXHJZTwAAALtSURBVDjLbVPtS1NxFD73Nid6R7o13XxpY8WgJWTIPhQskMj+AKFvQpB+HtYHIUd9EJQC8R8YftoQhNk/kGStNV+a1cSyMXQ5tcbm1DX3du/93ds5F'),
(40, 'Dominica', 'Willowby', '2023-04-16', 'dwillowby13@tmall.com', '966-872-4100', 'Room 1468', 'Polygender', 6, 'data:image/png;base64,iVBORw0KGgoAAAANSUhEUgAAABAAAAAQCAYAAAAf8/9hAAAABGdBTUEAAK/INwWK6QAAABl0RVh0U29mdHdhcmUAQWRvYmUgSW1hZ2VSZWFkeXHJZTwAAAIMSURBVDjLjZO9apVBEIaf2f2iRxMJUfEHFEStBCtRC0sLSzsbEcFCrQQVL0AvQAgkd2FhZyOkNRAsrERQRMFwonDM/35nd/a1OCfHRKI4MEwx7LMvM'),
(41, 'Wilmar', 'Worcs', '2023-11-12', 'wworcs14@state.gov', '385-816-7432', 'PO Box 19510', 'Male', 5, 'data:image/png;base64,iVBORw0KGgoAAAANSUhEUgAAABAAAAAQCAYAAAAf8/9hAAAABGdBTUEAAK/INwWK6QAAABl0RVh0U29mdHdhcmUAQWRvYmUgSW1hZ2VSZWFkeXHJZTwAAAJISURBVDjLpZLLS5RxFIaf7/NCZqiZYYW1sEbTKWsTDUS0sFpF/0K7aBftulCbTIQWQi1r0aK/IKhFIBUodlNKKtBIy2qsKUPLacbvdy4tRmuhSdDZH'),
(42, 'Elwood', 'Statton', '2023-06-27', 'estatton15@youtu.be', '839-227-0614', '15th Floor', 'Male', 5, 'data:image/png;base64,iVBORw0KGgoAAAANSUhEUgAAABAAAAAQCAYAAAAf8/9hAAAABGdBTUEAAK/INwWK6QAAABl0RVh0U29mdHdhcmUAQWRvYmUgSW1hZ2VSZWFkeXHJZTwAAAKrSURBVDjLfZNbSFNxHMcX9WLgQ1h0kXrp/lhQdjGIEotegiCKiiIjjSx88SEpzZRIpWKFnGmCOubAS1YkmZlpXnLedtrUIpdTJ9N53Jnb2cy55fbt9'),
(43, 'Quinn', 'Florence', '2023-10-14', 'qflorence16@prweb.com', '519-398-7025', 'Room 1157', 'Male', 1, 'data:image/png;base64,iVBORw0KGgoAAAANSUhEUgAAABAAAAAQCAYAAAAf8/9hAAAABGdBTUEAAK/INwWK6QAAABl0RVh0U29mdHdhcmUAQWRvYmUgSW1hZ2VSZWFkeXHJZTwAAAE4SURBVDjLY/j//z8DJZhh8BhQXl5+oLi4+EBubu6BtLS0A/Hx8Qrh4eEH/Pz8Dri6uh4gaABQcwBQ84eUlJT/QM0TQGJAzQ1AzQtsbGwUiPIC0GYHo'),
(44, 'Jackquelin', 'Brosius', '2023-08-01', 'jbrosius17@paypal.com', '999-503-8920', 'Room 629', 'Female', 3, 'data:image/png;base64,iVBORw0KGgoAAAANSUhEUgAAABAAAAAQCAYAAAAf8/9hAAAABGdBTUEAAK/INwWK6QAAABl0RVh0U29mdHdhcmUAQWRvYmUgSW1hZ2VSZWFkeXHJZTwAAAK/SURBVDjLY/j//z8DJRiFozbrLk/aqkc76/a8eDft2Ou/Ew69+lm/8/n7pMUPTsuXXlAgaAAIK/fe9Kg7/ubmsaff/h99/O2/48y7q+Tyz2vKZJ5hJ'),
(45, 'Valry', 'Cluckie', '2023-11-26', 'vcluckie18@cbsnews.com', '971-346-0667', 'Apt 1597', 'Female', 1, 'data:image/png;base64,iVBORw0KGgoAAAANSUhEUgAAABAAAAAQCAYAAAAf8/9hAAAABGdBTUEAAK/INwWK6QAAABl0RVh0U29mdHdhcmUAQWRvYmUgSW1hZ2VSZWFkeXHJZTwAAAJGSURBVDjLjZNNSFRRFMd/970ZNbX8KCHUCVxM4CYSDaKkoAgywk3gPoyCyFq0cW0bSUTIcNEm2uWqUEIIrEUqUoFZuZAEFcPGD9LRGOe9+3FajE5jC'),
(46, 'Sabra', 'Jendrusch', '2023-09-12', 'sjendrusch19@hexun.com', '314-299-5335', 'Suite 33', 'Genderflui', 2, 'data:image/png;base64,iVBORw0KGgoAAAANSUhEUgAAABAAAAAQCAYAAAAf8/9hAAAABGdBTUEAAK/INwWK6QAAABl0RVh0U29mdHdhcmUAQWRvYmUgSW1hZ2VSZWFkeXHJZTwAAAKgSURBVDjLjZPfS5NRGMd3F/4JRRfRVQRdeJOE1EVkaq52MfDHhbS3aeEk82IGMzaaVrrcsh+umUQ3QYsWlOKEbcrKzW3qxNqWG2IsreYkl/pOt7379'),
(47, 'Gan', 'Newey', '2023-11-04', 'gnewey1a@vkontakte.ru', '736-556-5032', 'Apt 1418', 'Male', 6, 'data:image/png;base64,iVBORw0KGgoAAAANSUhEUgAAABAAAAAQCAYAAAAf8/9hAAAABGdBTUEAAK/INwWK6QAAABl0RVh0U29mdHdhcmUAQWRvYmUgSW1hZ2VSZWFkeXHJZTwAAAKkSURBVDjLpZPdT5JhGMb9W+BPaK3matVqndXWOOigA6fmJ9DUcrUMlrN0mNMsKTUznQpq6pyKAm8CIogmypcg8GIiX8rHRHjhVbPt6o01nMvZWge/k'),
(48, 'Bertie', 'Owlner', '2023-11-23', 'bowlner1b@cbslocal.com', '959-163-1804', 'Room 527', 'Female', 4, 'data:image/png;base64,iVBORw0KGgoAAAANSUhEUgAAABAAAAAQCAYAAAAf8/9hAAAABGdBTUEAAK/INwWK6QAAABl0RVh0U29mdHdhcmUAQWRvYmUgSW1hZ2VSZWFkeXHJZTwAAAG1SURBVBgZpcG/S9RxHMfx5+dz3+LKsKxBC4KQXIvArYb+BQmuIYgGoaBJiAoiLCqwxUGwkBr7gaGOTu5NZhBkBRU3NEV2Q3d69/m+X+/6DEJcNoiPR'),
(49, 'Isabella', 'Sphinxe', '2023-08-10', 'isphinxe1c@tinypic.com', '356-606-8553', 'PO Box 16381', 'Female', 1, 'data:image/png;base64,iVBORw0KGgoAAAANSUhEUgAAABAAAAAQCAYAAAAf8/9hAAAABGdBTUEAAK/INwWK6QAAABl0RVh0U29mdHdhcmUAQWRvYmUgSW1hZ2VSZWFkeXHJZTwAAALDSURBVBgZBcFNiFVVAADg75x777z50RmdDJG0phpTIwq1cqP9IBqlLaxNpYVSVIvahLVLCqFFoGEZQkQhgdGilUghaqRNIKgUZEmQlCBlmmOm772Zd'),
(50, 'Oralia', 'Anersen', '2022-12-07', 'oanersen1d@canalblog.com', '850-786-9623', 'Apt 550', 'Female', 4, 'data:image/png;base64,iVBORw0KGgoAAAANSUhEUgAAABAAAAAQCAYAAAAf8/9hAAAABGdBTUEAAK/INwWK6QAAABl0RVh0U29mdHdhcmUAQWRvYmUgSW1hZ2VSZWFkeXHJZTwAAANsSURBVDjLdZNrTNNnGMWb+M3wRaObc/plSxYToiZzc94quCGCVRfMnwYtUiyuUhUQKqtcCmhatAgEaKlcBNFSBYQ5lSIgQ0GFttRCL0BBoAVUVFKo/'),
(51, 'Gennie', 'Kemmish', '2023-05-31', 'gkemmish1e@linkedin.com', '167-938-5680', 'Suite 94', 'Female', 5, 'data:image/png;base64,iVBORw0KGgoAAAANSUhEUgAAABAAAAAQCAYAAAAf8/9hAAAABGdBTUEAAK/INwWK6QAAABl0RVh0U29mdHdhcmUAQWRvYmUgSW1hZ2VSZWFkeXHJZTwAAAJfSURBVDjLpZNrSFNhGMelD34op67Lp4I+RKBREkUNIR2po7LOztlxbY1amstyXWw2m06b6Ra1llpqBJrlJdNFVyqxixZmIQ5npVE20DCkYqaDDBVy7'),
(52, 'Gallard', 'Temblett', '2023-05-19', 'gtemblett1f@squidoo.com', '396-471-1465', 'PO Box 39937', 'Male', 1, 'data:image/png;base64,iVBORw0KGgoAAAANSUhEUgAAABAAAAAQCAYAAAAf8/9hAAAABGdBTUEAAK/INwWK6QAAABl0RVh0U29mdHdhcmUAQWRvYmUgSW1hZ2VSZWFkeXHJZTwAAAJ8SURBVBgZBcHda5V1AADg5/d73/d42g66bF8ZTgbbxcpoKaNJXWQ3fUJJdRF5JxRF5EGEboIZ/QPiTeFNGF03GFiRUSZiUGxlSlnqtsZya6ustY9z3'),
(53, 'Arnuad', 'Vandrill', '2023-05-04', 'avandrill1g@hibu.com', '312-135-8362', 'Apt 1971', 'Male', 6, 'data:image/png;base64,iVBORw0KGgoAAAANSUhEUgAAABAAAAAQCAYAAAAf8/9hAAAABGdBTUEAAK/INwWK6QAAABl0RVh0U29mdHdhcmUAQWRvYmUgSW1hZ2VSZWFkeXHJZTwAAAIsSURBVDjLpZNdSFNhGMfPKBKvomKECH5c2AcVNpgILUNmid40KaKstGzk/Eh2oQjDRrYRpSN3xkoXuWzpqW2iCdOokYYTa9uxliLVMItlWKR1YZNt6'),
(54, 'Byrann', 'Eddy', '2023-07-13', 'beddy1h@ebay.co.uk', '724-381-1760', 'PO Box 29210', 'Male', 3, 'data:image/png;base64,iVBORw0KGgoAAAANSUhEUgAAABAAAAAQCAYAAAAf8/9hAAAABGdBTUEAAK/INwWK6QAAABl0RVh0U29mdHdhcmUAQWRvYmUgSW1hZ2VSZWFkeXHJZTwAAAJQSURBVDjLpZNLiI1xGMZ//+98Zy6G4zIJkyg0xEyWLlkMC6JkIYoke1kQUrKwsJGFlaVLsbBAuYSJBTEJCTkZQ8clJsYxx5y5fZfzfx+Lk8swbDz1r'),
(55, 'Roy', 'Culleton', '2023-05-31', 'rculleton1i@bing.com', '155-782-5039', '11th Floor', 'Non-binary', 6, 'data:image/png;base64,iVBORw0KGgoAAAANSUhEUgAAABAAAAAQCAQAAAC1+jfqAAAABGdBTUEAAK/INwWK6QAAABl0RVh0U29mdHdhcmUAQWRvYmUgSW1hZ2VSZWFkeXHJZTwAAACuSURBVCjPvdChDcMwFATQD4rKwgxNwypjAxNTN6hmNakMKkWKFGDqEQo6QEbICH+EjBBeXnoFUQ0MAqOjT7rTEWg/dAhInDi9Eo9TP8dvWP3LsZ31p'),
(56, 'Shelagh', 'Miche', '2023-08-28', 'smiche1j@slashdot.org', '718-569-3612', 'Suite 18', 'Female', 2, 'data:image/png;base64,iVBORw0KGgoAAAANSUhEUgAAABAAAAAQCAYAAAAf8/9hAAAABGdBTUEAAK/INwWK6QAAABl0RVh0U29mdHdhcmUAQWRvYmUgSW1hZ2VSZWFkeXHJZTwAAAJcSURBVDjLpZPtT5JhFMafrW997I9rscA+FFu2QRurtlw5cQ4InLpwBogIPNFSiNJ4C+JVkj0QTBHQKFPQlJfwlanY1tXz3ARkn2jd27Wz++yc33XOv'),
(57, 'Evelin', 'Zamudio', '2022-12-24', 'ezamudio1k@digg.com', '784-485-5957', 'PO Box 14647', 'Male', 1, 'data:image/png;base64,iVBORw0KGgoAAAANSUhEUgAAABAAAAAQCAYAAAAf8/9hAAAABGdBTUEAAK/INwWK6QAAABl0RVh0U29mdHdhcmUAQWRvYmUgSW1hZ2VSZWFkeXHJZTwAAAK/SURBVDjLldPPb5MFHMfx9/O0K+3W51m3tbBmkU0XfFLdgmjUjMTEgwSNIIwdhBiPcJAT4WC8IfwHxGjUgwkJN6KJDK1HJQYzdRIMgtW2MMfWbZ3r6'),
(58, 'Teresita', 'Delgaty', '2023-05-23', 'tdelgaty1l@scribd.com', '998-652-4644', 'Room 658', 'Female', 5, 'data:image/png;base64,iVBORw0KGgoAAAANSUhEUgAAABAAAAAQCAYAAAAf8/9hAAAABGdBTUEAAK/INwWK6QAAABl0RVh0U29mdHdhcmUAQWRvYmUgSW1hZ2VSZWFkeXHJZTwAAAIsSURBVDjLpVNNaBNREP42Wck2MVUilJr+YJC2KG0kViGWHsTSS0HBg+DVq+hJkIJXD714E8FePHnKpdSDf4EebEJOBq1NSbUNiCYNRmPSmHSz+/Y58'),
(59, 'Beverie', 'Sarch', '2022-12-07', 'bsarch1m@issuu.com', '177-151-7214', 'Apt 1477', 'Female', 4, 'data:image/png;base64,iVBORw0KGgoAAAANSUhEUgAAABAAAAAQCAYAAAAf8/9hAAAABGdBTUEAAK/INwWK6QAAABl0RVh0U29mdHdhcmUAQWRvYmUgSW1hZ2VSZWFkeXHJZTwAAAIzSURBVDjLpZNPSFRRFMa/NzPaPNSpsDQVF4JUi3YtomW0MBCchbSxhS3chAS6mJpFBYmugpjSRS5cWAQFSUmBGIYiCbYYbOyfOAqKgwgqRNF79953z'),
(60, 'Korey', 'Nunns', '2023-04-05', 'knunns1n@google.co.jp', '638-715-8779', 'Suite 2', 'Male', 5, 'data:image/png;base64,iVBORw0KGgoAAAANSUhEUgAAABAAAAAQCAYAAAAf8/9hAAAABGdBTUEAAK/INwWK6QAAABl0RVh0U29mdHdhcmUAQWRvYmUgSW1hZ2VSZWFkeXHJZTwAAAIzSURBVDjLpVO7a1NRGP/dm9ubpGlMioGiLdFBHCyFtksHZ6tiQZAMEbqZwTGgkw7B3cmugoOL/0ATujadlIZchCwGWlERF5XbNOc+zsPvnNvUQmMWA'),
(61, 'Lexine', 'Britner', '2023-01-11', 'lbritner1o@noaa.gov', '798-150-3651', 'Suite 8', 'Female', 4, 'data:image/png;base64,iVBORw0KGgoAAAANSUhEUgAAABAAAAAQCAYAAAAf8/9hAAAABGdBTUEAAK/INwWK6QAAABl0RVh0U29mdHdhcmUAQWRvYmUgSW1hZ2VSZWFkeXHJZTwAAAJySURBVBgZpcFNbNN1HMDhT//9d926NWRb65BtB8MWAZGwZIGRcNAZD2qA6E6cOKDhAjFmBzwYYzQeOXHHiwfFAOHAZScUEmeUAPFlWzMDyOtm27Xdo'),
(62, 'Packston', 'Crann', '2023-11-23', 'pcrann1p@google.nl', '439-663-4860', 'Apt 986', 'Male', 5, 'data:image/png;base64,iVBORw0KGgoAAAANSUhEUgAAABAAAAAQCAYAAAAf8/9hAAAABGdBTUEAAK/INwWK6QAAABl0RVh0U29mdHdhcmUAQWRvYmUgSW1hZ2VSZWFkeXHJZTwAAAKLSURBVBgZBcFJaFxlAADg7/3zZkjbYBfTZIg1SNVCFjW2hgbUQwWXHkQDHkUPgkcdiuBFiEVvXoJ4kHiqiHhQLAUXqCjGiNGaSG1Ra9pqp5JI4tY0y'),
(63, 'Elvin', 'Miskimmon', '2023-02-11', 'emiskimmon1q@purevolume.com', '652-631-3190', 'Apt 1019', 'Male', 2, 'data:image/png;base64,iVBORw0KGgoAAAANSUhEUgAAABAAAAAQCAYAAAAf8/9hAAAABGdBTUEAAK/INwWK6QAAABl0RVh0U29mdHdhcmUAQWRvYmUgSW1hZ2VSZWFkeXHJZTwAAALnSURBVDjLfZNvaNR1HMdf39/97m63nbmdf3BpRrqYt9G2SEJEDFZCEkhCIj4ZDhFpIT7wQUKINCQz0Ee1BxIJjWXPlBwhjdK2dW02/HNTp7FIZa1zu'),
(64, 'Caro', 'Chaperlin', '2023-03-24', 'cchaperlin1r@geocities.com', '993-141-4838', 'Room 941', 'Genderflui', 3, 'data:image/png;base64,iVBORw0KGgoAAAANSUhEUgAAABAAAAAQCAYAAAAf8/9hAAAABGdBTUEAAK/INwWK6QAAABl0RVh0U29mdHdhcmUAQWRvYmUgSW1hZ2VSZWFkeXHJZTwAAAIJSURBVDjLpZM9SJVRGMd/532vetOswQgjSoW2gj4Gh4ZoiIKGwGi4EtQQ0VxLQhAOEW2NzUVLOQRBBioUakGT5CBiGhZe8aameLv3nPc9H0/DvX7hH'),
(65, 'Gratia', 'McElwee', '2023-10-26', 'gmcelwee1s@typepad.com', '412-651-4193', 'Apt 56', 'Female', 3, 'data:image/png;base64,iVBORw0KGgoAAAANSUhEUgAAABAAAAAQCAYAAAAf8/9hAAAABGdBTUEAAK/INwWK6QAAABl0RVh0U29mdHdhcmUAQWRvYmUgSW1hZ2VSZWFkeXHJZTwAAAJFSURBVDjLzZLdS9NRGMf3Fwy6jLrPKKerSAsqXzKn0xY4ZrIhbvulKwtrOCdYuWDOza02Ai96AxEEaXixTMkllDdKUjhrrmDMlMFGuLbTXO7N/b6d3'),
(66, 'Lorry', 'Brooking', '2023-05-23', 'lbrooking1t@angelfire.com', '438-635-0851', 'Apt 449', 'Female', 1, 'data:image/png;base64,iVBORw0KGgoAAAANSUhEUgAAABAAAAAQCAYAAAAf8/9hAAAABGdBTUEAAK/INwWK6QAAABl0RVh0U29mdHdhcmUAQWRvYmUgSW1hZ2VSZWFkeXHJZTwAAAKRSURBVDjLjZNLSFRhGIYn1IULF+2CiJA2tWob1CIKa+WqoghaRBERrYKS2kSLCoKIQmbQKAwLSs3FRDbeM03TmmnGG3kZc3ScizPjzJnRuTlznr7/e'),
(67, 'Penny', 'Pattesall', '2023-06-26', 'ppattesall1u@elegantthemes.com', '462-218-2627', 'Room 253', 'Female', 1, 'data:image/png;base64,iVBORw0KGgoAAAANSUhEUgAAABAAAAAQCAYAAAAf8/9hAAAABGdBTUEAAK/INwWK6QAAABl0RVh0U29mdHdhcmUAQWRvYmUgSW1hZ2VSZWFkeXHJZTwAAAImSURBVDjLpZPfa1JhGMcHXfZ/eBUVdNOVBqGDgwaSy1HLg6R5IUVyYCi5li6Wv+dRysAQoiG4ple1aMyRYj/wF8Ugl8PVTSCM0GI0K/DbeR9RJ4xi9'),
(68, 'Ingrim', 'Flaunders', '2023-03-15', 'iflaunders1v@stumbleupon.com', '315-125-6376', '12th Floor', 'Non-binary', 4, 'data:image/png;base64,iVBORw0KGgoAAAANSUhEUgAAABAAAAAQCAYAAAAf8/9hAAAABGdBTUEAAK/INwWK6QAAABl0RVh0U29mdHdhcmUAQWRvYmUgSW1hZ2VSZWFkeXHJZTwAAAGdSURBVDjLlZNLSwJhFIa1Rb8iIWhRQUlluuoftDEtC5TKSgINily1CmoT0kJBqwlSaBGBLVxItGgZQQQVFe3bKN7wOjqO2tucwRGvqAMPMzDf+8w5Z'),
(69, 'Wilbert', 'MacGorley', '2023-11-21', 'wmacgorley1w@chronoengine.com', '701-291-1665', 'PO Box 52294', 'Male', 6, 'data:image/png;base64,iVBORw0KGgoAAAANSUhEUgAAABAAAAAQCAYAAAAf8/9hAAAABGdBTUEAAK/INwWK6QAAABl0RVh0U29mdHdhcmUAQWRvYmUgSW1hZ2VSZWFkeXHJZTwAAAF6SURBVDjLjZO/S8NAFMe/l8Q0ASUUXRwK9R9wFDfdunV19Q9wcmg3/wHp4FLo4CA4Ce3o6OLWUZwKpbRLMdDFCKH5dd73SkvQkvTgeLnLe5/3vXfvh'),
(70, 'Simon', 'Orteau', '2023-04-02', 'sorteau1x@ca.gov', '909-851-9229', 'Suite 15', 'Male', 4, 'data:image/png;base64,iVBORw0KGgoAAAANSUhEUgAAABAAAAAQCAYAAAAf8/9hAAAABGdBTUEAAK/INwWK6QAAABl0RVh0U29mdHdhcmUAQWRvYmUgSW1hZ2VSZWFkeXHJZTwAAAG9SURBVBgZpcG/S9RxHMfx5/f8fPXyrMyOhGgoWrLJ4m6Ii2hrCyRwiKa2fg06aKNjLRVHQkNEtOnQUNReg5RLBJHUEhe4iEiUnj8+3/f7lR/j/gDz8'),
(71, 'Ruggiero', 'Ebbotts', '2023-07-13', 'rebbotts1y@mysql.com', '785-887-5383', 'Room 483', 'Male', 2, 'data:image/png;base64,iVBORw0KGgoAAAANSUhEUgAAABAAAAAQCAYAAAAf8/9hAAAABGdBTUEAAK/INwWK6QAAABl0RVh0U29mdHdhcmUAQWRvYmUgSW1hZ2VSZWFkeXHJZTwAAAKZSURBVDjLpZM7TFNhFMd/t/f2IqVQqAWM72IVMUEjIRoiYnTxEWEyTjqoiYNuxkSjk5uJg4ODDjoYE6ODm4sOJlopqNRY5VXC09oCRaCg3t572++7D'),
(72, 'Viola', 'Gluyus', '2023-11-15', 'vgluyus1z@privacy.gov.au', '174-523-8164', 'Suite 44', 'Female', 3, 'data:image/png;base64,iVBORw0KGgoAAAANSUhEUgAAABAAAAAQCAYAAAAf8/9hAAAABGdBTUEAAK/INwWK6QAAABl0RVh0U29mdHdhcmUAQWRvYmUgSW1hZ2VSZWFkeXHJZTwAAAJ5SURBVDjLpZPNS1RhFMaff2EWLWo5tGnRaqCFRBAM0cZFwVSQpVHNQAWVMQwaSSZWtimLiKnsO5lEjKzs4y1zRK3oItfMj1FnnJkaUtNrjo45H3eej'),
(73, 'Eduino', 'Billingsley', '2023-08-18', 'ebillingsley20@t-online.de', '381-782-0051', 'Apt 337', 'Male', 4, 'data:image/png;base64,iVBORw0KGgoAAAANSUhEUgAAABAAAAAQCAYAAAAf8/9hAAAABGdBTUEAAK/INwWK6QAAABl0RVh0U29mdHdhcmUAQWRvYmUgSW1hZ2VSZWFkeXHJZTwAAAEMSURBVDjL3ZLBSgJRFIYvtO0BfIPeI3qBNj2Cy1rWzlWbkcBNYhC0TletJKOFq1lIILhQJCywaDZOkINiGl/n3DNj6LaF4MDHGebc/5tz544D3H9w2'),
(74, 'Persis', 'Vaughten', '2023-09-16', 'pvaughten21@barnesandnoble.com', '303-597-9336', '11th Floor', 'Female', 4, 'data:image/png;base64,iVBORw0KGgoAAAANSUhEUgAAABAAAAAQCAYAAAAf8/9hAAAABGdBTUEAAK/INwWK6QAAABl0RVh0U29mdHdhcmUAQWRvYmUgSW1hZ2VSZWFkeXHJZTwAAAKKSURBVDjLpZNdSBRRGIbnzOzubSxBRReBYhTRDziQQlKxbmoKItp0YVRUsBB2UVQsWdkfilHaj6GuZqEkhJaSf6knISqUYIgooogWS2uRwjFd25yZ3'),
(75, 'Hugues', 'Rosenschein', '2023-08-10', 'hrosenschein22@wordpress.com', '712-404-1846', '4th Floor', 'Male', 1, 'data:image/png;base64,iVBORw0KGgoAAAANSUhEUgAAABAAAAAQCAYAAAAf8/9hAAAABGdBTUEAAK/INwWK6QAAABl0RVh0U29mdHdhcmUAQWRvYmUgSW1hZ2VSZWFkeXHJZTwAAAJZSURBVDjLpVJda5JhGPYH9Ac66bSdFHTydtDhIAiCiA6CEbGiL1bUTgaO9pHk1+y11ymyNT/wYypMxzanqa8Km9PJxg5EJcWBJq7OzUHIRlfP/VQyK'),
(76, 'Cyndie', 'Borgnol', '2023-04-04', 'cborgnol23@cdc.gov', '744-571-1163', 'Apt 730', 'Female', 5, 'data:image/png;base64,iVBORw0KGgoAAAANSUhEUgAAABAAAAAQCAYAAAAf8/9hAAAABGdBTUEAAK/INwWK6QAAABl0RVh0U29mdHdhcmUAQWRvYmUgSW1hZ2VSZWFkeXHJZTwAAAHtSURBVDjLjZNLS9xQFMe138C9A/0OynyBUjeFQjduROi2MMtCEalS0ToLEdQMdEShoKDWRymKigWxII7PhaB9aBFUJjHJpHlnnvbfe27NJcVIDfwIy'),
(77, 'Clarabelle', 'Rizzolo', '2023-02-25', 'crizzolo24@ft.com', '781-464-0924', '7th Floor', 'Female', 1, 'data:image/png;base64,iVBORw0KGgoAAAANSUhEUgAAABAAAAAQCAYAAAAf8/9hAAAABGdBTUEAAK/INwWK6QAAABl0RVh0U29mdHdhcmUAQWRvYmUgSW1hZ2VSZWFkeXHJZTwAAAKySURBVDjLjZNbSNNRHMcXuoceFHrzpQdfsjd9FOzBMimIkWUKYT5Y5gVT0ES7EIqSWq2XZROJIHTd9hBDWKhbMJssbU1D527t4q4Onbvo7pv7ds6hi'),
(78, 'Vinny', 'Ranahan', '2023-08-07', 'vranahan25@java.com', '201-309-9515', '17th Floor', 'Male', 5, 'data:image/png;base64,iVBORw0KGgoAAAANSUhEUgAAABAAAAAQCAYAAAAf8/9hAAAABGdBTUEAAK/INwWK6QAAABl0RVh0U29mdHdhcmUAQWRvYmUgSW1hZ2VSZWFkeXHJZTwAAALGSURBVDjLpZNdSNNRGMZ330V2GXXVRXVTICRd2IVIIFGSoJDWRUssRREJiswP1La16aab3x8tyoWl+T11tqmYmJbZh61pfvWFKZmoqZmp236dv1MxK'),
(79, 'Gris', 'McLafferty', '2023-11-21', 'gmclafferty26@businessinsider.com', '796-169-6969', '7th Floor', 'Male', 4, 'data:image/png;base64,iVBORw0KGgoAAAANSUhEUgAAABAAAAAQCAYAAAAf8/9hAAAABGdBTUEAAK/INwWK6QAAABl0RVh0U29mdHdhcmUAQWRvYmUgSW1hZ2VSZWFkeXHJZTwAAALvSURBVDjLjZNvLNRxHMd/Tft50AOPqs1aTapJzp/8yYWaLM5k+a/F1F3FxXAidnIc53adc7j5uxo6OqX8PxcdZY7uWhJRD1pqrXWPCveb8ATvfq4yi'),
(80, 'Darsey', 'Starcks', '2023-11-21', 'dstarcks27@soup.io', '322-359-6933', 'Suite 45', 'Female', 6, 'data:image/png;base64,iVBORw0KGgoAAAANSUhEUgAAABAAAAAQCAYAAAAf8/9hAAAABGdBTUEAAK/INwWK6QAAABl0RVh0U29mdHdhcmUAQWRvYmUgSW1hZ2VSZWFkeXHJZTwAAAKNSURBVDjLpZLLa1NBFMa/m/uITfpIKzFJYxGaxkQDFnFRsrLgxm5i3dWl+Ae46Kr+DWbZTcBNhboQ1KW1uYhQhVKECFE0SEvSBrXR2Nyb+37EmYHG0'),
(81, 'Muffin', 'Enevold', '2023-08-26', 'menevold28@virginia.edu', '314-753-3862', 'Apt 1722', 'Male', 5, 'data:image/png;base64,iVBORw0KGgoAAAANSUhEUgAAABAAAAAQCAYAAAAf8/9hAAAABGdBTUEAAK/INwWK6QAAABl0RVh0U29mdHdhcmUAQWRvYmUgSW1hZ2VSZWFkeXHJZTwAAAHySURBVDjLpZNLaFNREIa/k3vTR4qKFdpaxZhFfeBCUEF8oaAiulIkoCtdFATBRcWFG6EgCG5VfFBduBVBFIIQHwga3GlREJVqS4OhrRKjwdxc7z0zL'),
(82, 'Ashla', 'Linstead', '2023-05-08', 'alinstead29@cafepress.com', '114-792-7988', 'Suite 58', 'Bigender', 1, 'data:image/png;base64,iVBORw0KGgoAAAANSUhEUgAAABAAAAAQCAYAAAAf8/9hAAAABGdBTUEAAK/INwWK6QAAABl0RVh0U29mdHdhcmUAQWRvYmUgSW1hZ2VSZWFkeXHJZTwAAAMsSURBVDjLXZNrSBRhFIaHIIIyu1q/+hdYJBVhJUmE0EWiC0U/ukM/KroRllGR1S4UWVnZTdJMS2ujrbZSK7ruNK5rm+m6bV7WNbfc1F3d2d3ZcUxH7'),
(83, 'Demetri', 'Hulles', '2023-04-24', 'dhulles2a@intel.com', '854-358-5981', 'Suite 87', 'Male', 5, 'data:image/png;base64,iVBORw0KGgoAAAANSUhEUgAAABAAAAAQCAYAAAAf8/9hAAAABGdBTUEAAK/INwWK6QAAABl0RVh0U29mdHdhcmUAQWRvYmUgSW1hZ2VSZWFkeXHJZTwAAAJMSURBVDjL3ZJfaJJRGMaFYBdF910XSSukaRdFF7Mxkpozc0UI1UXksNQ7V0O0QocshElqTYL4ilhjzE0oahT4ZToHFWUb5Za5zyWNsk3dYNvxX/R0z'),
(84, 'Hercule', 'Mandre', '2022-12-21', 'hmandre2b@typepad.com', '846-214-2953', 'Room 276', 'Male', 5, 'data:image/png;base64,iVBORw0KGgoAAAANSUhEUgAAABAAAAAQCAYAAAAf8/9hAAAABGdBTUEAAK/INwWK6QAAABl0RVh0U29mdHdhcmUAQWRvYmUgSW1hZ2VSZWFkeXHJZTwAAAEPSURBVDjLxZM7TsNQFERPrIielg5FFNkVy6FhN6wiG4hC5AoJVkAR+84MhWM75FNRcKWRXnPP3N9bJOEv0fDHWAK8vn1NZSghAgUsIwcpWFAlXp4fF'),
(85, 'Udell', 'Linham', '2023-05-10', 'ulinham2c@barnesandnoble.com', '944-590-9028', 'Apt 994', 'Male', 3, 'data:image/png;base64,iVBORw0KGgoAAAANSUhEUgAAABAAAAAQCAYAAAAf8/9hAAAABGdBTUEAAK/INwWK6QAAABl0RVh0U29mdHdhcmUAQWRvYmUgSW1hZ2VSZWFkeXHJZTwAAAHkSURBVDjL3ZNvT1JhGMafb3G+TQqKECNFRIEDcvgXmB5IPNJmTdbC1SQ0S1xzZKXyT41TdpCOMyYtiXS9aW2uD8EbPsHV87RRmyLrdc92vbt/1/U89'),
(86, 'Gallard', 'Dutnall', '2023-08-13', 'gdutnall2d@dailymotion.com', '544-422-0941', 'Room 910', 'Male', 2, 'data:image/png;base64,iVBORw0KGgoAAAANSUhEUgAAABAAAAAQCAYAAAAf8/9hAAAABGdBTUEAAK/INwWK6QAAABl0RVh0U29mdHdhcmUAQWRvYmUgSW1hZ2VSZWFkeXHJZTwAAAGWSURBVDjLlZNNSwJRFIa1Tf8hElq1qCDJxk22CdsErVvbLotQbGFkZBYWRqCghqv2tXHRokACw4IICvoHbRS/8HPGGbXe7hkcGTU/uvAwA3Pf555zh'),
(87, 'Merl', 'Nineham', '2023-07-02', 'mnineham2e@telegraph.co.uk', '923-672-4708', 'PO Box 77157', 'Female', 5, 'data:image/png;base64,iVBORw0KGgoAAAANSUhEUgAAABAAAAAQCAQAAAC1+jfqAAAABGdBTUEAAK/INwWK6QAAABl0RVh0U29mdHdhcmUAQWRvYmUgSW1hZ2VSZWFkeXHJZTwAAADpSURBVCjPY/jPgB8y0EmBHXdWaeu7ef9rHuaY50jU3J33v/VdVqkdN1SBEZtP18T/L/7f/X/wf+O96kM3f9z9f+T/xP8+XUZsYAWGfsUfrr6L2Ob9J'),
(88, 'Delaney', 'McBride', '2023-10-06', 'dmcbride2f@mtv.com', '653-811-1448', 'PO Box 75519', 'Male', 4, 'data:image/png;base64,iVBORw0KGgoAAAANSUhEUgAAABAAAAAQCAYAAAAf8/9hAAAABGdBTUEAAK/INwWK6QAAABl0RVh0U29mdHdhcmUAQWRvYmUgSW1hZ2VSZWFkeXHJZTwAAAGNSURBVDjLpVM9SwNBEJ297J1FQBtzjQj2dgppYiP4A1KZRoiFrYWt9rHyH6QUPBDTCimtLNSAnSB26YKg4EdMdsd5611cjwsIWRhmZ3f2zZuPVcxMs'),
(89, 'Pearle', 'Colaton', '2023-01-18', 'pcolaton2g@deviantart.com', '978-381-6438', 'Apt 127', 'Female', 2, 'data:image/png;base64,iVBORw0KGgoAAAANSUhEUgAAABAAAAAQCAYAAAAf8/9hAAAABGdBTUEAAK/INwWK6QAAABl0RVh0U29mdHdhcmUAQWRvYmUgSW1hZ2VSZWFkeXHJZTwAAAKeSURBVDjLrZN9SFNRGMaPhGAUFEKB9CEG0QckCpUWpn+sLPqnECIoUTRSSdD+MFJM8gNJjXLDUCHS1t2kTJlpSYhjbroPttxV1DHHptgczW1+lISgc'),
(90, 'Brena', 'Mapam', '2023-07-22', 'bmapam2h@about.me', '760-179-8830', 'Suite 3', 'Female', 6, 'data:image/png;base64,iVBORw0KGgoAAAANSUhEUgAAABAAAAAQCAYAAAAf8/9hAAAABGdBTUEAAK/INwWK6QAAABl0RVh0U29mdHdhcmUAQWRvYmUgSW1hZ2VSZWFkeXHJZTwAAALvSURBVBgZBcFNaNUFAADw3//jbe/t6d6cc2/kUpeXsEgUsSSiKIzAQxDdvCgdulgagmBXLx4K7BgRWamnOgSDIj3EusRangwlbVvOyba25tvH23v/z'),
(91, 'Boycey', 'Tracy', '2023-04-12', 'btracy2i@histats.com', '467-564-7112', 'Room 1593', 'Male', 6, 'data:image/png;base64,iVBORw0KGgoAAAANSUhEUgAAABAAAAAQCAYAAAAf8/9hAAAABGdBTUEAAK/INwWK6QAAABl0RVh0U29mdHdhcmUAQWRvYmUgSW1hZ2VSZWFkeXHJZTwAAALcSURBVDjLjZFpMNRxGMfVi17UNL3qRdcLRI2jiUgyHdp6ozIlco3Whm1c49gwmyNndGBtLB3uRdPuCrOtnWoPokGMs5WwMth1S9q/Y+PbzjaJqTFef'),
(92, 'Loutitia', 'Molyneaux', '2023-06-12', 'lmolyneaux2j@hatena.ne.jp', '202-724-4363', '2nd Floor', 'Female', 2, 'data:image/png;base64,iVBORw0KGgoAAAANSUhEUgAAABAAAAAQCAYAAAAf8/9hAAAABGdBTUEAAK/INwWK6QAAABl0RVh0U29mdHdhcmUAQWRvYmUgSW1hZ2VSZWFkeXHJZTwAAAJdSURBVDjLpZP7S1NhGMf9W7YfogSJboSEUVCY8zJ31trcps6zTI9bLGJpjp1hmkGNxVz4Q6ildtXKXzJNbJRaRmrXoeWx8tJOTWptnrNryre5YCYuI'),
(93, 'Cornie', 'Thomazet', '2023-11-18', 'cthomazet2k@independent.co.uk', '972-931-5460', '6th Floor', 'Female', 2, 'data:image/png;base64,iVBORw0KGgoAAAANSUhEUgAAABAAAAAQCAYAAAAf8/9hAAAABGdBTUEAAK/INwWK6QAAABl0RVh0U29mdHdhcmUAQWRvYmUgSW1hZ2VSZWFkeXHJZTwAAAKESURBVDjLfZNLSFRRGIC/O3Pn1cyUlLXIlB6SQrXo/YSiRSQDualVUFZE1KJtrTKHIloEbQpqYUW4DipSehBIYWr00MIs0ckUR6Z8jqNz7/nPaTEqI'),
(94, 'Laurie', 'Weatherdon', '2023-01-08', 'lweatherdon2l@weather.com', '847-399-4794', '2nd Floor', 'Female', 2, 'data:image/png;base64,iVBORw0KGgoAAAANSUhEUgAAABAAAAAQCAYAAAAf8/9hAAAABGdBTUEAAK/INwWK6QAAABl0RVh0U29mdHdhcmUAQWRvYmUgSW1hZ2VSZWFkeXHJZTwAAAJHSURBVDjLfZJPa1NREMV/972ksYmx0bbUpzS1ValpKVQohgguRLuxIBRBcKMbwS/g2l026jfQpWtTcCEFN+Kii0AoSFNpQUirlFprXmybNi/v3nHxY'),
(95, 'Joshia', 'Longhorn', '2023-04-16', 'jlonghorn2m@google.cn', '861-491-0006', 'Apt 1242', 'Male', 5, 'data:image/png;base64,iVBORw0KGgoAAAANSUhEUgAAABAAAAAQCAYAAAAf8/9hAAAABGdBTUEAAK/INwWK6QAAABl0RVh0U29mdHdhcmUAQWRvYmUgSW1hZ2VSZWFkeXHJZTwAAAIiSURBVDjLpdNdSFNhGAdw6baL7qUuuonA6Cojoiw6qwth0VUsDIxKggohIXGtpA+1DxQhwoltsXKjNpbruC9q5jypMwf2sdlqbc120ixzfqzV8Lhz/'),
(96, 'Ashia', 'Spaxman', '2023-08-15', 'aspaxman2n@github.io', '133-821-8751', '16th Floor', 'Female', 4, 'data:image/png;base64,iVBORw0KGgoAAAANSUhEUgAAABAAAAAQCAYAAAAf8/9hAAAABGdBTUEAAK/INwWK6QAAABl0RVh0U29mdHdhcmUAQWRvYmUgSW1hZ2VSZWFkeXHJZTwAAAJ2SURBVBgZBcFLiJVlGADg5/3+b87cbLyFNBJ4oexGQYqIi6hFQambgohoE0aLUqGCaBcuonWLUFe1CIJolWCLaiK1C0FUREpRBgmWNpqi4XjOnP97e'),
(97, 'Dena', 'Abbati', '2022-12-24', 'dabbati2o@simplemachines.org', '307-575-2977', 'PO Box 36148', 'Female', 6, 'data:image/png;base64,iVBORw0KGgoAAAANSUhEUgAAABAAAAAQCAYAAAAf8/9hAAAABGdBTUEAAK/INwWK6QAAABl0RVh0U29mdHdhcmUAQWRvYmUgSW1hZ2VSZWFkeXHJZTwAAAJpSURBVDjLpZM7aFRRFEXXffPyJokzmkSFWBiJiGBEDH5io8QmIIqFojbaaGkZSBVtbAOCpZU2IhhRLJSAEFELISIpRBB/wxgwakYnn5d5n3vvORZCj'),
(98, 'Wye', 'Friel', '2023-02-11', 'wfriel2p@github.io', '764-412-0607', 'Suite 68', 'Agender', 2, 'data:image/png;base64,iVBORw0KGgoAAAANSUhEUgAAABAAAAAQCAYAAAAf8/9hAAAABGdBTUEAAK/INwWK6QAAABl0RVh0U29mdHdhcmUAQWRvYmUgSW1hZ2VSZWFkeXHJZTwAAAJDSURBVDjLxVNdSFNhGH7OD3NmuaVnapg5lVCJKINWlBJFYGTSz0XYReHFIJFdehEEFkEF3kd00ZWFXSlIYgyDRlsLJVkbEgu3JjpxZqaOOde+8329Z'),
(99, 'Wye', 'Chamberlaine', '2023-06-28', 'wchamberlaine2q@nationalgeographic.com', '845-814-8021', '9th Floor', 'Male', 3, 'data:image/png;base64,iVBORw0KGgoAAAANSUhEUgAAABAAAAAQCAYAAAAf8/9hAAAABGdBTUEAAK/INwWK6QAAABl0RVh0U29mdHdhcmUAQWRvYmUgSW1hZ2VSZWFkeXHJZTwAAAJTSURBVDjLjdNNSJRBGMDx//vu6mp+pKaii4mupCQUIVgKgWH0TXaumySFp8Cog9coooN000t0EssIokgzoQiyLEiQlHU1ykDxsOqquKvvuzPzdBAXF'),
(100, 'Maire', 'Margett', '2023-04-02', 'mmargett2r@unesco.org', '588-934-2819', 'Room 1752', 'Female', 3, 'data:image/png;base64,iVBORw0KGgoAAAANSUhEUgAAABAAAAAQCAYAAAAf8/9hAAAABGdBTUEAAK/INwWK6QAAABl0RVh0U29mdHdhcmUAQWRvYmUgSW1hZ2VSZWFkeXHJZTwAAAJ/SURBVDjLpZNfSFNRHMe/293umptu01GJMF1WQ5dRQgVl0UthYNHDiAQhChF6bdBLrz1Erz3Ug7CewqeoF0XzZVialnaXSHOYM2Ko6Szn3P2ze+/pn');

-- --------------------------------------------------------

--
-- Table structure for table `product`
--

CREATE TABLE `product` (
  `id` int(11) NOT NULL,
  `product_name` varchar(255) NOT NULL,
  `service_fee` decimal(10,2) DEFAULT NULL,
  `service_fee_percentage` tinyint(1) DEFAULT NULL
) ENGINE=InnoDB DEFAULT CHARSET=utf8mb4 COLLATE=utf8mb4_general_ci;

--
-- Dumping data for table `product`
--

INSERT INTO `product` (`id`, `product_name`, `service_fee`, `service_fee_percentage`) VALUES
(1, 'CEK SALDO ON US', 0.15, 1),
(2, 'TRANSFER OFF US', 1.00, 1),
(3, 'CEK SALDO ON US', 0.15, 1),
(4, 'TARIK TUNAI OFF US', 7500.00, 0),
(5, 'TARIK TUNAI ON US', 6500.00, 0),
(6, 'TARIK TUNAI OFF US', 1.00, 1);

-- --------------------------------------------------------

--
-- Table structure for table `soal_1`
--

CREATE TABLE `soal_1` (
  `row_number` int(11) DEFAULT NULL,
  `company_id` int(11) DEFAULT NULL,
  `company_name` varchar(255) DEFAULT NULL,
  `customer_id` int(11) DEFAULT NULL,
  `full_name` varchar(255) DEFAULT NULL,
  `count_trx` int(11) DEFAULT NULL
) ENGINE=InnoDB DEFAULT CHARSET=utf8mb4 COLLATE=utf8mb4_general_ci;

--
-- Dumping data for table `soal_1`
--

INSERT INTO `soal_1` (`row_number`, `company_id`, `company_name`, `customer_id`, `full_name`, `count_trx`) VALUES
(1, 1, 'Mydeo', 82, 'Ashla Linstead', 21),
(2, 1, 'Mydeo', 26, 'Nettie Dewey', 15),
(3, 1, 'Mydeo', 33, 'Esra Bloan', 14),
(4, 1, 'Mydeo', 8, 'Dottie Aspel', 12),
(5, 1, 'Mydeo', 49, 'Isabella Sphinxe', 12),
(6, 1, 'Mydeo', 77, 'Clarabelle Rizzolo', 11),
(7, 1, 'Mydeo', 75, 'Hugues Rosenschein', 11),
(8, 1, 'Mydeo', 43, 'Quinn Florence', 11),
(9, 1, 'Mydeo', 10, 'Tedd Bickle', 10),
(10, 1, 'Mydeo', 52, 'Gallard Temblett', 10),
(11, 1, 'Mydeo', 14, 'Myrtice Elies', 9),
(12, 1, 'Mydeo', 31, 'Giordano Celez', 9),
(13, 1, 'Mydeo', 57, 'Evelin Zamudio', 9),
(14, 1, 'Mydeo', 45, 'Valry Cluckie', 8),
(15, 1, 'Mydeo', 66, 'Lorry Brooking', 7),
(16, 1, 'Mydeo', 67, 'Penny Pattesall', 6),
(17, 2, 'Yabox', 20, 'Perl Thackston', 14),
(18, 2, 'Yabox', 71, 'Ruggiero Ebbotts', 14),
(19, 2, 'Yabox', 34, 'Roarke Ratt', 14),
(20, 2, 'Yabox', 23, 'Kim Phipps', 14),
(21, 2, 'Yabox', 29, 'Bill Burleigh', 13),
(22, 2, 'Yabox', 56, 'Shelagh Miche', 13),
(23, 2, 'Yabox', 12, 'Jonah Pooly', 13),
(24, 2, 'Yabox', 63, 'Elvin Miskimmon', 13),
(25, 2, 'Yabox', 46, 'Sabra Jendrusch', 12),
(26, 2, 'Yabox', 94, 'Laurie Weatherdon', 11),
(27, 2, 'Yabox', 39, 'Bobine Heakey', 11),
(28, 2, 'Yabox', 11, 'Sibella Childes', 10),
(29, 2, 'Yabox', 93, 'Cornie Thomazet', 9),
(30, 2, 'Yabox', 98, 'Wye Friel', 9),
(31, 2, 'Yabox', 37, 'Wilfred Kollach', 8),
(32, 2, 'Yabox', 7, 'Filippo Dyott', 8),
(33, 2, 'Yabox', 89, 'Pearle Colaton', 8),
(34, 2, 'Yabox', 28, 'Gretal Doick', 8),
(35, 2, 'Yabox', 92, 'Loutitia Molyneaux', 7),
(36, 2, 'Yabox', 86, 'Gallard Dutnall', 6),
(37, 2, 'Yabox', 17, 'Winnah Francesch', 6),
(38, 2, 'Yabox', 36, 'Barr Hanigan', 6),
(39, 3, 'Jatri', 72, 'Viola Gluyus', 13),
(40, 3, 'Jatri', 38, 'Hermia Schwandt', 12),
(41, 3, 'Jatri', 64, 'Caro Chaperlin', 11),
(42, 3, 'Jatri', 4, 'Benoite Trippett', 11),
(43, 3, 'Jatri', 54, 'Byrann Eddy', 10),
(44, 3, 'Jatri', 100, 'Maire Margett', 10),
(45, 3, 'Jatri', 85, 'Udell Linham', 10),
(46, 3, 'Jatri', 65, 'Gratia McElwee', 8),
(47, 3, 'Jatri', 99, 'Wye Chamberlaine', 8),
(48, 3, 'Jatri', 44, 'Jackquelin Brosius', 6),
(49, 3, 'Jatri', 18, 'Anallise Northgraves', 4),
(50, 4, 'Einti', 61, 'Lexine Britner', 20),
(51, 4, 'Einti', 50, 'Oralia Anersen', 15),
(52, 4, 'Einti', 59, 'Beverie Sarch', 14),
(53, 4, 'Einti', 96, 'Ashia Spaxman', 13),
(54, 4, 'Einti', 88, 'Delaney McBride', 12),
(55, 4, 'Einti', 73, 'Eduino Billingsley', 12),
(56, 4, 'Einti', 32, 'Eileen Cornforth', 10),
(57, 4, 'Einti', 79, 'Gris McLafferty', 9),
(58, 4, 'Einti', 30, 'Tabbie Sirrell', 8),
(59, 4, 'Einti', 70, 'Simon Orteau', 8),
(60, 4, 'Einti', 74, 'Persis Vaughten', 7),
(61, 4, 'Einti', 68, 'Ingrim Flaunders', 7),
(62, 4, 'Einti', 48, 'Bertie Owlner', 5),
(63, 5, 'Yotz', 6, 'Annabel Kendal', 14),
(64, 5, 'Yotz', 60, 'Korey Nunns', 13),
(65, 5, 'Yotz', 41, 'Wilmar Worcs', 12),
(66, 5, 'Yotz', 83, 'Demetri Hulles', 11),
(67, 5, 'Yotz', 19, 'Winonah Klousner', 11),
(68, 5, 'Yotz', 84, 'Hercule Mandre', 11),
(69, 5, 'Yotz', 76, 'Cyndie Borgnol', 11),
(70, 5, 'Yotz', 62, 'Packston Crann', 11),
(71, 5, 'Yotz', 58, 'Teresita Delgaty', 10),
(72, 5, 'Yotz', 5, 'Wilburt Peddie', 10),
(73, 5, 'Yotz', 35, 'Jo Rushworth', 9),
(74, 5, 'Yotz', 87, 'Merl Nineham', 9),
(75, 5, 'Yotz', 51, 'Gennie Kemmish', 8),
(76, 5, 'Yotz', 95, 'Joshia Longhorn', 8),
(77, 5, 'Yotz', 25, 'Timi Carlon', 8),
(78, 5, 'Yotz', 2, 'Ambros Bradbury', 7),
(79, 5, 'Yotz', 42, 'Elwood Statton', 6),
(80, 5, 'Yotz', 81, 'Muffin Enevold', 6),
(81, 5, 'Yotz', 78, 'Vinny Ranahan', 5),
(82, 6, 'Devcast', 27, 'Neilla Kleinstein', 14),
(83, 6, 'Devcast', 53, 'Arnuad Vandrill', 12),
(84, 6, 'Devcast', 13, 'Selle Feldbau', 12),
(85, 6, 'Devcast', 1, 'Casey Pandey', 12),
(86, 6, 'Devcast', 16, 'Isabella Loveday', 12),
(87, 6, 'Devcast', 97, 'Dena Abbati', 12),
(88, 6, 'Devcast', 22, 'Tiphany Tock', 11),
(89, 6, 'Devcast', 40, 'Dominica Willowby', 11),
(90, 6, 'Devcast', 3, 'Wells Gunby', 11),
(91, 6, 'Devcast', 9, 'Ber Kinchley', 9),
(92, 6, 'Devcast', 80, 'Darsey Starcks', 9),
(93, 6, 'Devcast', 47, 'Gan Newey', 9),
(94, 6, 'Devcast', 90, 'Brena Mapam', 8),
(95, 6, 'Devcast', 69, 'Wilbert MacGorley', 8),
(96, 6, 'Devcast', 55, 'Roy Culleton', 8),
(97, 6, 'Devcast', 91, 'Boycey Tracy', 8),
(98, 6, 'Devcast', 21, 'Blanche Ambroise', 3),
(99, 6, 'Devcast', 24, 'Gustavo Annon', 3),
(100, 6, 'Devcast', 15, 'Serena Wethered', 3);

-- --------------------------------------------------------

--
-- Table structure for table `soal_2`
--

CREATE TABLE `soal_2` (
  `id` int(11) DEFAULT NULL,
  `company_name` varchar(255) DEFAULT NULL,
  `product_id` int(11) DEFAULT NULL,
  `product_name` varchar(255) DEFAULT NULL,
  `amount` decimal(10,2) DEFAULT NULL,
  `count` int(11) DEFAULT NULL,
  `tax_value` decimal(10,2) DEFAULT NULL,
  `service_fee_percentage` decimal(5,2) DEFAULT NULL,
  `service_fee` decimal(10,2) DEFAULT NULL,
  `last_trx_on` datetime DEFAULT NULL,
  `id_last_trx` int(11) DEFAULT NULL,
  `first_trx_on` datetime DEFAULT NULL,
  `id_first_trx` int(11) DEFAULT NULL
) ENGINE=InnoDB DEFAULT CHARSET=utf8mb4 COLLATE=utf8mb4_general_ci;

--
-- Dumping data for table `soal_2`
--

INSERT INTO `soal_2` (`id`, `company_name`, `product_id`, `product_name`, `amount`, `count`, `tax_value`, `service_fee_percentage`, `service_fee`, `last_trx_on`, `id_last_trx`, `first_trx_on`, `id_first_trx`) VALUES
(1, 'Mydeo', 1, 'CEK SALDO ON US', 10032407.00, 18, 501339.12, 0.00, 1504861.05, '2023-11-02 15:22:52', 847, '2022-02-11 23:06:05', 174),
(1, 'Mydeo', 1, 'CEK SALDO ON US', 10032407.00, 18, 501339.12, 0.00, 1504861.05, '2023-11-02 15:22:52', 847, '2022-02-11 23:06:05', 174),
(1, 'Mydeo', 3, 'CEK SALDO ON US', 13189197.00, 25, 739381.71, 0.00, 1978379.55, '2023-11-26 12:58:25', 958, '2022-01-02 20:37:35', 22),
(1, 'Mydeo', 4, 'TARIK TUNAI OFF US', 14027662.00, 38, 760821.66, 0.00, 285000.00, '2023-11-25 19:01:18', 930, '2022-01-01 17:54:56', 7),
(1, 'Mydeo', 6, 'TARIK TUNAI OFF US', 15263021.00, 30, 992771.26, 0.00, 15263021.00, '2023-11-26 03:53:22', 995, '2022-01-11 01:18:24', 19),
(1, 'Mydeo', 5, 'TARIK TUNAI ON US', 25499672.00, 56, 1484912.91, 0.00, 364000.00, '2023-11-23 08:29:08', 956, '2022-01-14 14:56:36', 2),
(1, 'Mydeo', 2, 'TRANSFER OFF US', 4537475.00, 8, 153894.96, 0.00, 4537475.00, '2023-01-15 06:59:47', 988, '2022-01-30 21:56:09', 46),
(2, 'Yabox', 1, 'CEK SALDO ON US', 9023473.00, 23, 486918.32, 0.00, 1353520.95, '2023-10-08 09:47:04', 965, '2022-02-15 08:22:40', 32),
(2, 'Yabox', 3, 'CEK SALDO ON US', 14399809.00, 24, 830228.49, 0.00, 2159971.35, '2023-11-23 00:58:44', 982, '2022-01-17 23:19:33', 48),
(2, 'Yabox', 4, 'TARIK TUNAI OFF US', 21919978.00, 45, 1225783.80, 0.00, 337500.00, '2023-10-21 09:32:15', 962, '2022-02-06 01:18:30', 1),
(2, 'Yabox', 6, 'TARIK TUNAI OFF US', 27151226.00, 55, 1508832.10, 0.00, 27151226.00, '2023-11-26 16:28:00', 994, '2022-01-14 01:31:27', 35),
(2, 'Yabox', 5, 'TARIK TUNAI ON US', 34858359.00, 71, 1880847.46, 0.00, 461500.00, '2023-11-23 15:19:31', 997, '2022-01-01 03:21:35', 11),
(2, 'Yabox', 2, 'TRANSFER OFF US', 4648988.00, 9, 206996.96, 0.00, 4648988.00, '2023-11-21 23:15:16', 918, '2022-06-14 19:39:18', 82),
(3, 'Jatri', 1, 'CEK SALDO ON US', 6083755.00, 13, 295286.54, 0.00, 912563.25, '2023-09-02 14:23:26', 944, '2022-01-10 04:36:41', 238),
(3, 'Jatri', 3, 'CEK SALDO ON US', 2678302.00, 9, 127383.55, 0.00, 401745.30, '2023-09-05 14:41:36', 973, '2022-01-24 03:15:45', 121),
(3, 'Jatri', 4, 'TARIK TUNAI OFF US', 7394470.00, 14, 413805.19, 0.00, 105000.00, '2023-08-01 00:38:26', 937, '2022-01-20 05:38:41', 127),
(3, 'Jatri', 6, 'TARIK TUNAI OFF US', 15868095.00, 26, 851124.60, 0.00, 15868095.00, '2023-10-27 21:56:25', 989, '2022-01-15 15:36:24', 44),
(3, 'Jatri', 5, 'TARIK TUNAI ON US', 19329253.00, 38, 1032037.94, 0.00, 247000.00, '2023-10-01 00:37:42', 980, '2022-01-31 14:30:23', 40),
(3, 'Jatri', 2, 'TRANSFER OFF US', 1232199.00, 3, 48647.21, 0.00, 1232199.00, '2023-09-12 06:37:54', 834, '2022-04-04 02:54:27', 181),
(4, 'Einti', 1, 'CEK SALDO ON US', 10021859.00, 15, 591814.44, 0.00, 1503278.85, '2023-10-16 14:09:09', 984, '2022-02-06 04:12:40', 21),
(4, 'Einti', 3, 'CEK SALDO ON US', 8796832.00, 20, 371225.59, 0.00, 1319524.80, '2023-10-12 15:41:45', 983, '2022-01-31 20:28:17', 77),
(4, 'Einti', 4, 'TARIK TUNAI OFF US', 12636584.00, 27, 754944.89, 0.00, 202500.00, '2023-11-18 06:17:41', 986, '2022-01-24 01:41:37', 5),
(4, 'Einti', 6, 'TARIK TUNAI OFF US', 15915468.00, 29, 865859.84, 0.00, 15915468.00, '2023-11-25 21:00:04', 999, '2022-01-04 01:58:32', 52),
(4, 'Einti', 5, 'TARIK TUNAI ON US', 16710630.00, 37, 826217.02, 0.00, 240500.00, '2023-10-27 08:13:11', 967, '2022-01-04 23:59:12', 4),
(4, 'Einti', 2, 'TRANSFER OFF US', 5086345.00, 12, 352068.51, 0.00, 5086345.00, '2023-11-20 12:27:04', 548, '2022-03-06 04:34:52', 10),
(5, 'Yotz', 1, 'CEK SALDO ON US', 6116780.00, 14, 308569.91, 0.00, 917517.00, '2023-09-24 14:34:05', 880, '2022-03-05 21:15:03', 24),
(5, 'Yotz', 3, 'CEK SALDO ON US', 12648699.00, 23, 668952.82, 0.00, 1897304.85, '2023-11-06 21:31:27', 990, '2022-01-01 13:08:24', 20),
(5, 'Yotz', 4, 'TARIK TUNAI OFF US', 21616610.00, 43, 1174940.44, 0.00, 322500.00, '2023-11-15 09:39:19', 987, '2022-01-04 09:37:40', 30),
(5, 'Yotz', 6, 'TARIK TUNAI OFF US', 12880599.00, 27, 659325.35, 0.00, 12880599.00, '2023-11-15 03:33:21', 844, '2022-01-17 12:02:51', 12),
(5, 'Yotz', 5, 'TARIK TUNAI ON US', 28134267.00, 57, 1472710.67, 0.00, 370500.00, '2023-11-08 09:48:10', 1000, '2022-01-04 09:42:48', 3),
(5, 'Yotz', 2, 'TRANSFER OFF US', 5013040.00, 16, 240678.45, 0.00, 5013040.00, '2023-10-31 12:53:12', 992, '2022-03-17 01:49:34', 31),
(6, 'Devcast', 1, 'CEK SALDO ON US', 9560079.00, 19, 575574.37, 0.00, 1434011.85, '2023-11-18 14:30:40', 996, '2022-03-19 23:31:37', 16),
(6, 'Devcast', 3, 'CEK SALDO ON US', 9630095.00, 24, 531084.37, 0.00, 1444514.25, '2023-11-22 19:55:17', 929, '2022-01-01 05:25:40', 104),
(6, 'Devcast', 4, 'TARIK TUNAI OFF US', 16544342.00, 35, 846958.14, 0.00, 262500.00, '2023-11-25 22:50:39', 991, '2022-01-17 12:34:12', 6),
(6, 'Devcast', 6, 'TARIK TUNAI OFF US', 20893778.00, 38, 1275143.18, 0.00, 20893778.00, '2023-11-20 03:00:33', 979, '2022-03-24 20:44:50', 8),
(6, 'Devcast', 5, 'TARIK TUNAI ON US', 26682785.00, 50, 1400015.30, 0.00, 325000.00, '2023-11-17 02:26:31', 954, '2022-01-04 09:03:41', 9),
(6, 'Devcast', 2, 'TRANSFER OFF US', 4805581.00, 9, 278085.37, 0.00, 4805581.00, '2023-09-08 03:31:23', 927, '2022-02-14 03:40:30', 402),
(NULL, 'New Company', 1, 'New Product', 100.50, 10, 5.00, 2.50, 2.50, '2024-07-14 10:35:00', 100, '2024-07-14 10:00:00', 1);

-- --------------------------------------------------------

--
-- Table structure for table `transaction`
--

CREATE TABLE `transaction` (
  `id` int(11) NOT NULL,
  `customer_id` int(11) NOT NULL,
  `transaction_type` varchar(50) DEFAULT NULL,
  `amount` decimal(15,2) NOT NULL,
  `transaction_datetime` timestamp NOT NULL DEFAULT current_timestamp(),
  `tax_amount` decimal(10,2) DEFAULT NULL,
  `tax_type` varchar(50) DEFAULT NULL,
  `payment_status` varchar(50) DEFAULT NULL,
  `product_id` int(11) NOT NULL
) ENGINE=InnoDB DEFAULT CHARSET=utf8mb4 COLLATE=utf8mb4_general_ci;

--
-- Dumping data for table `transaction`
--

INSERT INTO `transaction` (`id`, `customer_id`, `transaction_type`, `amount`, `transaction_datetime`, `tax_amount`, `tax_type`, `payment_status`, `product_id`) VALUES
(1, 34, 'CASH', 901345.00, '2023-02-22 14:45:32', 8.00, 'PPN', 'SUCCESS', 4),
(2, 31, 'QRIS', 11843.00, '2023-02-23 06:37:29', 3.00, 'PB1', 'SUCCESS', 5),
(3, 58, 'QRIS', 887476.00, '2023-04-28 18:59:54', 10.00, 'PB1', 'SUCCESS', 5),
(4, 61, 'CREDIT', 865024.00, '2023-09-09 15:01:59', 3.00, 'PB1', 'SUCCESS', 5),
(5, 61, 'CASH', 7647.00, '2023-11-09 02:39:16', 4.00, 'PPN', 'PENDING', 4),
(6, 97, 'CREDIT', 492010.00, '2022-11-18 06:14:40', 1.00, 'PPN', 'FAILED', 4),
(7, 77, 'CASH', 59503.00, '2022-11-01 09:53:11', 6.00, 'PB1', 'PENDING', 4),
(8, 40, 'CASH', 889694.00, '2023-07-26 08:07:20', 9.00, 'PPN', 'EXPIRED', 6),
(9, 13, 'CASH', 318697.00, '2022-12-08 10:20:51', 7.00, 'PB1', 'SUCCESS', 5),
(10, 59, 'DEBIT', 176555.00, '2023-11-20 05:27:04', 8.00, 'PB1', 'SUCCESS', 2),
(11, 71, 'DEBIT', 611344.00, '2022-07-23 15:06:40', 10.00, 'PB1', 'PENDING', 5),
(12, 25, 'CASH', 346697.00, '2023-07-19 22:18:52', 5.00, 'PB1', 'PENDING', 6),
(13, 79, 'CASH', 147156.00, '2023-09-12 23:07:36', 7.00, 'PB1', 'SUCCESS', 2),
(14, 7, 'DEBIT', 342528.00, '2023-03-30 01:09:28', 5.00, 'PPN', 'SUCCESS', 4),
(15, 82, 'QRIS', 435031.00, '2023-08-16 19:40:43', 7.00, 'PB1', 'SUCCESS', 4),
(16, 1, 'CREDIT', 463328.00, '2022-03-19 16:31:37', 10.00, 'PPN', 'SUCCESS', 1),
(17, 97, 'CASH', 552321.00, '2022-03-24 13:44:50', 10.00, 'PB1', 'SUCCESS', 6),
(18, 28, 'CREDIT', 326505.00, '2022-03-30 03:02:51', 4.00, 'PPN', 'FAILED', 4),
(19, 67, 'QRIS', 604243.00, '2023-11-25 20:53:22', 10.00, 'PB1', 'CANCELED', 6),
(20, 19, 'CASH', 275182.00, '2023-07-31 20:29:48', 8.00, 'PPN', 'FAILED', 3),
(21, 88, 'QRIS', 393953.00, '2023-02-05 04:54:49', 9.00, 'PPN', 'SUCCESS', 1),
(22, 66, 'CREDIT', 984776.00, '2023-05-28 03:23:51', 9.00, 'PPN', 'SUCCESS', 3),
(23, 5, 'QRIS', 39.00, '2022-01-24 10:52:40', 6.00, 'PPN', 'SUCCESS', 6),
(24, 6, 'QRIS', 331698.00, '2023-02-27 03:07:40', 10.00, 'PB1', 'PENDING', 1),
(25, 6, 'DEBIT', 498863.00, '2022-09-07 03:34:37', 10.00, 'PB1', 'CANCELED', 5),
(26, 40, 'QRIS', 496785.00, '2023-07-07 07:54:43', 3.00, 'PPN', 'SUCCESS', 1),
(27, 60, 'QRIS', 405603.00, '2022-12-31 17:45:28', 8.00, 'PPN', 'SUCCESS', 5),
(28, 50, 'DEBIT', 167797.00, '2023-10-24 10:50:35', 7.00, 'PB1', 'SUCCESS', 4),
(29, 1, 'CASH', 629864.00, '2022-11-21 08:17:08', 1.00, 'PPN', 'SUCCESS', 5),
(30, 62, 'CREDIT', 27108.00, '2023-07-12 12:35:03', 9.00, 'PPN', 'SUCCESS', 4),
(31, 62, 'CASH', 888486.00, '2022-05-14 15:05:45', 5.00, 'PPN', 'SUCCESS', 2),
(32, 29, 'CASH', 530059.00, '2022-08-11 13:24:40', 10.00, 'PPN', 'SUCCESS', 1),
(33, 91, 'DEBIT', 153706.00, '2023-03-03 20:12:35', 8.00, 'PPN', 'FAILED', 4),
(34, 68, 'CASH', 211450.00, '2023-10-25 22:51:50', 2.00, 'PPN', 'SUCCESS', 2),
(35, 39, 'QRIS', 430488.00, '2022-06-04 18:19:35', 1.00, 'PPN', 'SUCCESS', 6),
(36, 97, 'QRIS', 868967.00, '2022-07-12 10:24:53', 10.00, 'PB1', 'FAILED', 6),
(37, 2, 'CREDIT', 317990.00, '2023-11-07 17:38:27', 1.00, 'PB1', 'SUCCESS', 5),
(38, 83, 'QRIS', 313122.00, '2022-01-17 05:02:51', 1.00, 'PPN', 'SUCCESS', 6),
(39, 82, 'CREDIT', 599998.00, '2022-07-01 14:19:54', 3.00, 'PPN', 'SUCCESS', 3),
(40, 64, 'CASH', 473532.00, '2023-07-02 15:12:02', 7.00, 'PB1', 'SUCCESS', 5),
(41, 45, 'DEBIT', 16793.00, '2023-11-25 12:01:18', 3.00, 'PPN', 'SUCCESS', 4),
(42, 56, 'QRIS', 406680.00, '2022-05-01 22:54:46', 6.00, 'PPN', 'SUCCESS', 5),
(43, 63, 'QRIS', 978578.00, '2023-01-05 05:47:01', 7.00, 'PPN', 'EXPIRED', 6),
(44, 64, 'CREDIT', 881715.00, '2022-03-25 22:55:22', 2.00, 'PPN', 'EXPIRED', 6),
(45, 84, 'DEBIT', 100505.00, '2022-04-30 00:50:26', 6.00, 'PPN', 'SUCCESS', 4),
(46, 43, 'DEBIT', 635859.00, '2022-12-11 09:02:46', 6.00, 'PPN', 'SUCCESS', 2),
(47, 51, 'CASH', 893448.00, '2022-04-06 10:56:27', 6.00, 'PPN', 'SUCCESS', 3),
(48, 37, 'QRIS', 946169.00, '2022-04-09 06:25:43', 7.00, 'PB1', 'SUCCESS', 3),
(49, 6, 'QRIS', 42554.00, '2023-08-16 20:28:50', 4.00, 'PPN', 'SUCCESS', 5),
(50, 28, 'DEBIT', 12597.00, '2022-02-05 18:18:30', 6.00, 'PB1', 'FAILED', 4),
(51, 82, 'DEBIT', 427682.00, '2023-11-11 22:03:35', 5.00, 'PB1', 'SUCCESS', 6),
(52, 32, 'DEBIT', 336968.00, '2022-11-17 02:43:55', 1.00, 'PPN', 'SUCCESS', 6),
(53, 46, 'QRIS', 788559.00, '2022-12-21 18:38:57', 2.00, 'PPN', 'SUCCESS', 5),
(54, 56, 'CASH', 327445.00, '2022-01-07 02:16:38', 3.00, 'PPN', 'SUCCESS', 5),
(55, 41, 'CASH', 860671.00, '2022-04-25 06:58:43', 2.00, 'PB1', 'SUCCESS', 5),
(56, 35, 'CREDIT', 415329.00, '2022-03-27 11:03:05', 10.00, 'PPN', 'EXPIRED', 6),
(57, 35, 'CASH', 981249.00, '2023-10-16 09:10:25', 2.00, 'PPN', 'CANCELED', 4),
(58, 61, 'CASH', 51343.00, '2023-05-02 01:53:34', 3.00, 'PPN', 'EXPIRED', 4),
(59, 79, 'CREDIT', 250844.00, '2022-03-06 04:08:28', 2.00, 'PB1', 'SUCCESS', 4),
(60, 29, 'QRIS', 271212.00, '2023-01-02 00:23:12', 10.00, 'PPN', 'SUCCESS', 5),
(61, 58, 'CREDIT', 43553.00, '2022-07-22 08:34:10', 10.00, 'PPN', 'SUCCESS', 2),
(62, 64, 'CASH', 493739.00, '2022-05-23 12:53:39', 4.00, 'PB1', 'SUCCESS', 5),
(63, 90, 'CREDIT', 342236.00, '2022-11-08 20:31:23', 8.00, 'PPN', 'PENDING', 5),
(64, 19, 'QRIS', 863966.00, '2022-10-22 10:29:25', 5.00, 'PB1', 'EXPIRED', 4),
(65, 96, 'CREDIT', 304839.00, '2023-11-25 14:00:04', 3.00, 'PB1', 'SUCCESS', 6),
(66, 95, 'CREDIT', 789392.00, '2023-07-13 10:45:53', 2.00, 'PB1', 'SUCCESS', 6),
(67, 17, 'CREDIT', 731287.00, '2023-05-25 01:13:11', 6.00, 'PPN', 'SUCCESS', 5),
(68, 97, 'CREDIT', 561695.00, '2023-04-25 20:11:55', 4.00, 'PB1', 'SUCCESS', 1),
(69, 73, 'DEBIT', 214253.00, '2023-04-16 07:39:36', 6.00, 'PB1', 'SUCCESS', 5),
(70, 14, 'DEBIT', 481675.00, '2023-06-06 03:54:39', 4.00, 'PPN', 'SUCCESS', 5),
(71, 4, 'CASH', 433660.00, '2022-03-26 12:54:40', 4.00, 'PB1', 'SUCCESS', 5),
(72, 84, 'CREDIT', 725579.00, '2023-07-15 09:30:42', 10.00, 'PB1', 'SUCCESS', 4),
(73, 61, 'QRIS', 752689.00, '2023-07-15 01:14:06', 6.00, 'PB1', 'CANCELED', 5),
(74, 52, 'CREDIT', 106968.00, '2023-01-08 06:58:21', 9.00, 'PPN', 'SUCCESS', 4),
(75, 5, 'CREDIT', 4721.00, '2023-08-24 07:32:17', 3.00, 'PB1', 'SUCCESS', 5),
(76, 53, 'QRIS', 328794.00, '2022-06-04 00:51:44', 1.00, 'PB1', 'CANCELED', 5),
(77, 73, 'DEBIT', 144331.00, '2022-02-04 04:52:40', 6.00, 'PPN', 'SUCCESS', 3),
(78, 78, 'QRIS', 440348.00, '2023-04-26 02:29:15', 2.00, 'PB1', 'SUCCESS', 3),
(79, 54, 'QRIS', 151714.00, '2023-01-25 02:46:46', 4.00, 'PB1', 'CANCELED', 6),
(80, 66, 'CASH', 507795.00, '2022-10-30 17:26:22', 1.00, 'PPN', 'SUCCESS', 5),
(81, 50, 'CREDIT', 966297.00, '2023-01-06 13:08:22', 6.00, 'PPN', 'SUCCESS', 4),
(82, 20, 'DEBIT', 758760.00, '2023-10-18 03:19:05', 3.00, 'PPN', 'SUCCESS', 2),
(83, 59, 'CASH', 542010.00, '2022-01-27 00:09:14', 2.00, 'PB1', 'SUCCESS', 4),
(84, 53, 'QRIS', 162956.00, '2023-07-19 03:10:43', 3.00, 'PPN', 'SUCCESS', 5),
(85, 25, 'CREDIT', 694625.00, '2022-03-13 03:03:31', 7.00, 'PB1', 'SUCCESS', 1),
(86, 67, 'CREDIT', 134228.00, '2022-09-29 18:06:29', 7.00, 'PPN', 'SUCCESS', 6),
(87, 98, 'QRIS', 313292.00, '2023-10-16 17:43:27', 9.00, 'PB1', 'SUCCESS', 4),
(88, 5, 'CASH', 543753.00, '2022-09-10 06:19:19', 4.00, 'PPN', 'SUCCESS', 4),
(89, 13, 'CREDIT', 502357.00, '2022-05-22 02:42:10', 2.00, 'PB1', 'SUCCESS', 4),
(90, 26, 'CASH', 380196.00, '2022-02-15 10:17:23', 10.00, 'PB1', 'CANCELED', 5),
(91, 32, 'QRIS', 484113.00, '2022-11-19 03:04:36', 10.00, 'PB1', 'CANCELED', 6),
(92, 86, 'QRIS', 298374.00, '2022-10-22 15:39:28', 4.00, 'PPN', 'SUCCESS', 5),
(93, 54, 'QRIS', 53231.00, '2022-02-03 03:45:54', 2.00, 'PPN', 'SUCCESS', 5),
(94, 40, 'CREDIT', 848681.00, '2023-11-16 19:26:31', 7.00, 'PB1', 'SUCCESS', 5),
(95, 55, 'DEBIT', 918824.00, '2023-07-24 00:25:33', 4.00, 'PB1', 'SUCCESS', 1),
(96, 27, 'CREDIT', 385930.00, '2023-03-29 21:36:26', 5.00, 'PB1', 'SUCCESS', 4),
(97, 96, 'CASH', 783420.00, '2023-07-18 07:05:46', 8.00, 'PB1', 'SUCCESS', 2),
(98, 39, 'QRIS', 10964.00, '2023-10-14 04:11:05', 2.00, 'PB1', 'SUCCESS', 6),
(99, 5, 'CREDIT', 113223.00, '2022-05-25 10:29:11', 7.00, 'PB1', 'SUCCESS', 6),
(100, 96, 'QRIS', 488006.00, '2022-06-10 17:24:22', 8.00, 'PPN', 'EXPIRED', 5),
(101, 26, 'QRIS', 159650.00, '2022-01-22 14:21:42', 9.00, 'PB1', 'FAILED', 6),
(102, 70, 'CREDIT', 449846.00, '2023-07-09 00:34:08', 5.00, 'PPN', 'SUCCESS', 3),
(103, 63, 'CREDIT', 522376.00, '2022-05-24 03:45:44', 8.00, 'PB1', 'SUCCESS', 4),
(104, 16, 'CREDIT', 372029.00, '2022-03-25 02:55:25', 6.00, 'PPN', 'SUCCESS', 3),
(105, 3, 'CREDIT', 7199.00, '2022-07-16 22:17:03', 8.00, 'PB1', 'SUCCESS', 6),
(106, 57, 'QRIS', 111253.00, '2022-10-06 09:34:09', 7.00, 'PPN', 'SUCCESS', 3),
(107, 2, 'CREDIT', 933664.00, '2022-02-11 14:11:07', 1.00, 'PPN', 'SUCCESS', 4),
(108, 9, 'CREDIT', 804123.00, '2022-10-18 23:25:13', 7.00, 'PB1', 'PENDING', 5),
(109, 36, 'CREDIT', 910372.00, '2023-02-06 11:00:00', 9.00, 'PB1', 'SUCCESS', 6),
(110, 23, 'DEBIT', 199466.00, '2023-04-22 01:33:42', 4.00, 'PPN', 'SUCCESS', 5),
(111, 37, 'DEBIT', 343720.00, '2023-07-16 07:23:12', 10.00, 'PPN', 'SUCCESS', 4),
(112, 68, 'CASH', 531686.00, '2023-07-24 01:15:43', 9.00, 'PPN', 'SUCCESS', 2),
(113, 88, 'DEBIT', 949137.00, '2023-10-16 07:09:09', 10.00, 'PPN', 'SUCCESS', 1),
(114, 4, 'QRIS', 169645.00, '2023-02-23 07:52:36', 9.00, 'PB1', 'SUCCESS', 6),
(115, 74, 'DEBIT', 595538.00, '2022-09-29 21:59:07', 1.00, 'PB1', 'SUCCESS', 6),
(116, 83, 'QRIS', 533177.00, '2022-03-06 01:00:02', 1.00, 'PB1', 'SUCCESS', 6),
(117, 59, 'CREDIT', 675149.00, '2022-11-01 14:16:03', 6.00, 'PB1', 'PENDING', 6),
(118, 14, 'QRIS', 632542.00, '2022-04-24 16:07:43', 6.00, 'PPN', 'SUCCESS', 6),
(119, 76, 'CREDIT', 797965.00, '2022-11-11 09:22:24', 3.00, 'PPN', 'SUCCESS', 5),
(120, 2, 'CASH', 557761.00, '2022-03-05 14:15:03', 9.00, 'PPN', 'PENDING', 1),
(121, 85, 'DEBIT', 178369.00, '2023-09-05 07:41:36', 10.00, 'PPN', 'SUCCESS', 3),
(122, 26, 'CREDIT', 353161.00, '2022-01-10 10:54:16', 5.00, 'PPN', 'SUCCESS', 4),
(123, 13, 'CREDIT', 341121.00, '2022-09-23 14:33:23', 1.00, 'PB1', 'PENDING', 3),
(124, 84, 'CREDIT', 306626.00, '2023-10-31 05:53:12', 5.00, 'PPN', 'SUCCESS', 2),
(125, 42, 'CASH', 803994.00, '2022-11-29 18:59:23', 2.00, 'PB1', 'SUCCESS', 5),
(126, 29, 'CREDIT', 882725.00, '2022-04-15 12:32:35', 7.00, 'PB1', 'PENDING', 6),
(127, 54, 'CREDIT', 585070.00, '2023-06-25 23:28:05', 2.00, 'PPN', 'SUCCESS', 4),
(128, 65, 'DEBIT', 995552.00, '2022-05-11 08:59:50', 7.00, 'PB1', 'SUCCESS', 5),
(129, 27, 'CREDIT', 59927.00, '2022-04-28 11:38:53', 9.00, 'PPN', 'CANCELED', 4),
(130, 12, 'DEBIT', 657868.00, '2022-12-26 13:06:15', 8.00, 'PPN', 'FAILED', 6),
(131, 72, 'QRIS', 984703.00, '2023-06-08 00:24:11', 5.00, 'PPN', 'SUCCESS', 5),
(132, 55, 'DEBIT', 195682.00, '2023-03-27 10:53:14', 5.00, 'PB1', 'CANCELED', 3),
(133, 89, 'CREDIT', 972796.00, '2022-09-14 05:47:45', 5.00, 'PB1', 'SUCCESS', 4),
(134, 88, 'CREDIT', 839771.00, '2023-04-22 03:29:05', 7.00, 'PPN', 'SUCCESS', 6),
(135, 69, 'DEBIT', 705761.00, '2023-11-19 04:56:46', 6.00, 'PB1', 'EXPIRED', 6),
(136, 5, 'QRIS', 500482.00, '2023-09-08 00:06:27', 8.00, 'PPN', 'EXPIRED', 5),
(137, 4, 'CREDIT', 364535.00, '2022-08-30 06:41:40', 2.00, 'PPN', 'SUCCESS', 3),
(138, 52, 'QRIS', 24801.00, '2022-03-24 09:01:17', 9.00, 'PPN', 'SUCCESS', 5),
(139, 74, 'DEBIT', 840296.00, '2023-08-15 05:38:08', 4.00, 'PB1', 'EXPIRED', 6),
(140, 57, 'DEBIT', 436088.00, '2022-12-23 20:11:59', 5.00, 'PB1', 'CANCELED', 3),
(141, 59, 'QRIS', 877692.00, '2022-07-27 05:17:19', 6.00, 'PB1', 'SUCCESS', 6),
(142, 3, 'QRIS', 480345.00, '2022-11-29 03:24:55', 1.00, 'PB1', 'PENDING', 6),
(143, 56, 'CREDIT', 620084.00, '2022-01-17 16:19:33', 8.00, 'PB1', 'SUCCESS', 3),
(144, 23, 'QRIS', 520279.00, '2023-01-15 14:46:47', 3.00, 'PPN', 'FAILED', 4),
(145, 23, 'DEBIT', 284764.00, '2022-04-11 05:45:24', 9.00, 'PB1', 'SUCCESS', 5),
(146, 31, 'QRIS', 105792.00, '2023-03-22 04:30:04', 1.00, 'PPN', 'EXPIRED', 4),
(147, 88, 'CREDIT', 801498.00, '2023-04-29 06:06:01', 9.00, 'PB1', 'SUCCESS', 1),
(148, 50, 'QRIS', 176220.00, '2023-06-11 04:54:01', 8.00, 'PB1', 'SUCCESS', 4),
(149, 76, 'CREDIT', 993911.00, '2022-01-27 01:33:12', 9.00, 'PPN', 'SUCCESS', 4),
(150, 46, 'CASH', 548837.00, '2023-07-09 16:13:15', 6.00, 'PB1', 'CANCELED', 4),
(151, 27, 'QRIS', 305516.00, '2023-10-06 02:44:39', 7.00, 'PPN', 'PENDING', 1),
(152, 82, 'DEBIT', 378443.00, '2023-03-23 11:08:59', 6.00, 'PPN', 'SUCCESS', 6),
(153, 17, 'QRIS', 867061.00, '2022-04-20 13:21:52', 2.00, 'PPN', 'SUCCESS', 6),
(154, 61, 'CREDIT', 290917.00, '2022-01-03 18:58:32', 8.00, 'PB1', 'SUCCESS', 6),
(155, 59, 'DEBIT', 291727.00, '2022-04-29 02:43:21', 6.00, 'PB1', 'SUCCESS', 6),
(156, 97, 'QRIS', 808482.00, '2023-05-19 08:19:48', 10.00, 'PB1', 'CANCELED', 6),
(157, 35, 'CASH', 836520.00, '2023-08-06 17:47:17', 7.00, 'PB1', 'SUCCESS', 5),
(158, 20, 'QRIS', 194174.00, '2023-03-10 03:56:39', 10.00, 'PPN', 'SUCCESS', 5),
(159, 3, 'QRIS', 431894.00, '2022-09-25 18:55:55', 6.00, 'PPN', 'SUCCESS', 5),
(160, 62, 'CASH', 766805.00, '2022-08-22 05:12:59', 4.00, 'PPN', 'SUCCESS', 5),
(161, 7, 'QRIS', 363706.00, '2022-08-08 08:54:27', 7.00, 'PPN', 'SUCCESS', 6),
(162, 86, 'CASH', 6928.00, '2023-01-03 23:45:48', 10.00, 'PB1', 'SUCCESS', 6),
(163, 52, 'QRIS', 125451.00, '2022-01-28 04:11:06', 10.00, 'PPN', 'SUCCESS', 5),
(164, 38, 'DEBIT', 368634.00, '2022-01-15 08:36:24', 10.00, 'PB1', 'FAILED', 6),
(165, 3, 'DEBIT', 993314.00, '2023-01-27 13:07:56', 10.00, 'PB1', 'SUCCESS', 6),
(166, 81, 'CASH', 176929.00, '2022-11-08 22:34:55', 8.00, 'PB1', 'SUCCESS', 6),
(167, 41, 'QRIS', 241496.00, '2022-12-07 12:47:48', 2.00, 'PPN', 'SUCCESS', 2),
(168, 27, 'CASH', 953375.00, '2023-05-29 16:41:13', 3.00, 'PB1', 'SUCCESS', 6),
(169, 69, 'CASH', 201603.00, '2022-03-19 17:25:02', 4.00, 'PPN', 'FAILED', 1),
(170, 41, 'QRIS', 129973.00, '2022-01-17 08:02:22', 2.00, 'PB1', 'SUCCESS', 5),
(171, 62, 'DEBIT', 123713.00, '2023-09-18 20:12:24', 10.00, 'PB1', 'PENDING', 5),
(172, 75, 'CREDIT', 665406.00, '2023-05-06 21:10:35', 8.00, 'PB1', 'SUCCESS', 6),
(173, 62, 'QRIS', 732192.00, '2023-04-11 08:03:28', 1.00, 'PB1', 'SUCCESS', 1),
(174, 8, 'QRIS', 558378.00, '2022-05-26 00:49:15', 1.00, 'PPN', 'SUCCESS', 1),
(175, 63, 'QRIS', 550477.00, '2023-02-08 11:47:04', 2.00, 'PB1', 'SUCCESS', 4),
(176, 91, 'DEBIT', 983855.00, '2023-06-29 23:54:45', 9.00, 'PPN', 'SUCCESS', 4),
(177, 52, 'CASH', 709501.00, '2023-01-18 09:29:18', 7.00, 'PB1', 'EXPIRED', 6),
(178, 14, 'CASH', 585893.00, '2023-04-21 22:41:12', 7.00, 'PPN', 'SUCCESS', 6),
(179, 37, 'CREDIT', 230054.00, '2023-11-26 09:28:00', 2.00, 'PB1', 'EXPIRED', 6),
(180, 14, 'CREDIT', 24492.00, '2023-02-24 15:41:34', 2.00, 'PPN', 'SUCCESS', 4),
(181, 100, 'CASH', 576863.00, '2023-09-03 16:42:17', 6.00, 'PB1', 'CANCELED', 2),
(182, 68, 'QRIS', 558770.00, '2023-09-24 17:58:53', 2.00, 'PPN', 'SUCCESS', 1),
(183, 29, 'CREDIT', 430195.00, '2023-08-09 23:39:51', 2.00, 'PB1', 'EXPIRED', 3),
(184, 16, 'CASH', 58126.00, '2023-05-22 06:31:47', 8.00, 'PB1', 'SUCCESS', 3),
(185, 31, 'QRIS', 706990.00, '2022-05-20 06:39:23', 7.00, 'PB1', 'SUCCESS', 4),
(186, 94, 'QRIS', 485184.00, '2022-04-13 03:00:52', 9.00, 'PB1', 'SUCCESS', 6),
(187, 70, 'CASH', 395300.00, '2023-10-14 17:26:50', 7.00, 'PB1', 'SUCCESS', 6),
(188, 12, 'CASH', 124303.00, '2023-08-06 21:04:58', 10.00, 'PPN', 'EXPIRED', 5),
(189, 83, 'DEBIT', 700601.00, '2023-11-03 21:14:31', 9.00, 'PB1', 'CANCELED', 6),
(190, 93, 'CASH', 390390.00, '2022-12-11 03:54:42', 6.00, 'PPN', 'SUCCESS', 3),
(191, 61, 'CASH', 505166.00, '2023-08-20 23:33:06', 4.00, 'PB1', 'SUCCESS', 6),
(192, 34, 'DEBIT', 510403.00, '2023-02-20 10:46:25', 2.00, 'PPN', 'PENDING', 5),
(193, 85, 'CREDIT', 215146.00, '2022-03-07 11:18:14', 1.00, 'PPN', 'EXPIRED', 5),
(194, 61, 'QRIS', 480502.00, '2022-11-26 01:14:55', 1.00, 'PPN', 'FAILED', 6),
(195, 19, 'CASH', 339172.00, '2023-11-08 02:48:10', 8.00, 'PPN', 'SUCCESS', 5),
(196, 81, 'CASH', 650379.00, '2022-02-18 03:17:03', 6.00, 'PB1', 'CANCELED', 6),
(197, 60, 'DEBIT', 450954.00, '2022-06-03 21:40:36', 2.00, 'PPN', 'SUCCESS', 2),
(198, 32, 'DEBIT', 550570.00, '2022-07-31 10:15:37', 6.00, 'PPN', 'SUCCESS', 1),
(199, 50, 'CREDIT', 238653.00, '2023-10-12 08:41:45', 3.00, 'PB1', 'SUCCESS', 3),
(200, 96, 'CASH', 428672.00, '2022-06-08 05:31:34', 8.00, 'PPN', 'SUCCESS', 3),
(201, 97, 'QRIS', 443642.00, '2023-10-13 01:07:29', 8.00, 'PPN', 'SUCCESS', 3),
(202, 75, 'QRIS', 212029.00, '2022-02-11 16:06:05', 9.00, 'PB1', 'CANCELED', 1),
(203, 56, 'CASH', 333594.00, '2022-01-31 10:10:04', 3.00, 'PPN', 'SUCCESS', 5),
(204, 79, 'DEBIT', 531997.00, '2023-07-14 05:28:47', 10.00, 'PB1', 'SUCCESS', 5),
(205, 73, 'CREDIT', 528995.00, '2022-08-18 10:16:36', 5.00, 'PPN', 'SUCCESS', 5),
(206, 31, 'CASH', 806785.00, '2023-04-13 03:52:43', 5.00, 'PPN', 'SUCCESS', 3),
(207, 50, 'CASH', 267534.00, '2022-08-04 05:59:21', 6.00, 'PB1', 'SUCCESS', 5),
(208, 39, 'DEBIT', 920246.00, '2023-01-13 17:47:25', 5.00, 'PPN', 'SUCCESS', 1),
(209, 100, 'DEBIT', 6351.00, '2022-11-16 00:10:24', 3.00, 'PB1', 'SUCCESS', 5),
(210, 38, 'QRIS', 10118.00, '2022-10-28 23:44:41', 2.00, 'PB1', 'SUCCESS', 6),
(211, 12, 'CASH', 949731.00, '2023-03-29 05:03:53', 6.00, 'PB1', 'CANCELED', 4),
(212, 37, 'CASH', 360807.00, '2023-10-08 02:47:04', 6.00, 'PPN', 'EXPIRED', 1),
(213, 80, 'CREDIT', 578423.00, '2023-09-20 12:30:55', 4.00, 'PB1', 'SUCCESS', 3),
(214, 7, 'DEBIT', 765902.00, '2022-01-25 06:12:26', 2.00, 'PPN', 'SUCCESS', 3),
(215, 37, 'CASH', 221588.00, '2023-04-12 15:23:34', 3.00, 'PPN', 'EXPIRED', 5),
(216, 11, 'CREDIT', 118497.00, '2022-01-14 01:45:56', 4.00, 'PPN', 'PENDING', 6),
(217, 64, 'CREDIT', 719977.00, '2023-04-03 16:45:56', 4.00, 'PPN', 'EXPIRED', 5),
(218, 16, 'QRIS', 806800.00, '2023-10-01 13:12:04', 7.00, 'PPN', 'SUCCESS', 1),
(219, 82, 'DEBIT', 340131.00, '2023-11-23 01:29:08', 3.00, 'PB1', 'SUCCESS', 5),
(220, 87, 'CREDIT', 249091.00, '2023-07-19 16:05:28', 1.00, 'PB1', 'SUCCESS', 6),
(221, 82, 'DEBIT', 136695.00, '2022-04-11 19:16:25', 3.00, 'PB1', 'EXPIRED', 5),
(222, 70, 'DEBIT', 43630.00, '2022-05-08 05:52:24', 9.00, 'PB1', 'SUCCESS', 2),
(223, 6, 'DEBIT', 412209.00, '2023-11-15 02:39:19', 8.00, 'PPN', 'FAILED', 4),
(224, 61, 'DEBIT', 232811.00, '2022-04-28 07:06:55', 7.00, 'PB1', 'SUCCESS', 4),
(225, 8, 'QRIS', 956338.00, '2022-03-25 05:39:02', 1.00, 'PPN', 'SUCCESS', 2),
(226, 50, 'CASH', 301633.00, '2023-07-18 16:37:55', 1.00, 'PPN', 'SUCCESS', 5),
(227, 57, 'DEBIT', 502911.00, '2023-01-05 14:27:42', 9.00, 'PPN', 'SUCCESS', 5),
(228, 81, 'CASH', 107229.00, '2023-07-31 13:35:22', 4.00, 'PB1', 'EXPIRED', 3),
(229, 11, 'DEBIT', 950034.00, '2023-01-29 03:00:46', 3.00, 'PPN', 'SUCCESS', 5),
(230, 32, 'DEBIT', 790380.00, '2023-10-22 10:52:23', 3.00, 'PB1', 'PENDING', 2),
(231, 25, 'CREDIT', 268783.00, '2022-10-06 18:38:14', 7.00, 'PPN', 'FAILED', 2),
(232, 13, 'CASH', 313429.00, '2022-04-03 19:47:27', 4.00, 'PPN', 'PENDING', 4),
(233, 77, 'CASH', 536263.00, '2022-09-05 15:54:41', 7.00, 'PPN', 'SUCCESS', 6),
(234, 94, 'CREDIT', 455465.00, '2022-01-13 18:31:27', 2.00, 'PB1', 'CANCELED', 6),
(235, 16, 'CREDIT', 334430.00, '2022-06-26 00:48:29', 4.00, 'PB1', 'SUCCESS', 5),
(236, 33, 'QRIS', 427347.00, '2022-12-28 16:14:16', 7.00, 'PB1', 'EXPIRED', 3),
(237, 51, 'CREDIT', 325746.00, '2022-09-15 10:57:54', 9.00, 'PB1', 'SUCCESS', 4),
(238, 54, 'DEBIT', 824876.00, '2022-09-25 03:10:25', 7.00, 'PB1', 'SUCCESS', 1),
(239, 26, 'CREDIT', 544447.00, '2022-09-08 22:36:44', 6.00, 'PPN', 'SUCCESS', 4),
(240, 39, 'QRIS', 670284.00, '2023-11-14 11:07:30', 8.00, 'PPN', 'SUCCESS', 6),
(241, 99, 'CASH', 322057.00, '2022-06-29 03:17:31', 3.00, 'PB1', 'SUCCESS', 4),
(242, 10, 'QRIS', 784685.00, '2022-11-03 03:38:07', 5.00, 'PPN', 'PENDING', 5),
(243, 60, 'QRIS', 47403.00, '2022-01-04 02:42:48', 5.00, 'PB1', 'SUCCESS', 5),
(244, 91, 'QRIS', 64008.00, '2022-03-12 12:40:05', 10.00, 'PPN', 'SUCCESS', 4),
(245, 82, 'DEBIT', 56375.00, '2023-01-30 19:47:06', 5.00, 'PPN', 'FAILED', 5),
(246, 49, 'CREDIT', 978280.00, '2023-07-27 12:49:40', 3.00, 'PPN', 'SUCCESS', 1),
(247, 37, 'DEBIT', 888417.00, '2023-06-09 15:57:45', 6.00, 'PPN', 'SUCCESS', 5),
(248, 95, 'CREDIT', 642651.00, '2022-07-27 11:29:31', 3.00, 'PPN', 'SUCCESS', 5),
(249, 56, 'DEBIT', 325457.00, '2023-01-19 09:07:41', 6.00, 'PB1', 'SUCCESS', 1),
(250, 30, 'CREDIT', 28527.00, '2023-04-24 09:31:26', 5.00, 'PB1', 'EXPIRED', 5),
(251, 99, 'CREDIT', 268157.00, '2023-08-19 10:27:43', 5.00, 'PB1', 'PENDING', 1),
(252, 12, 'CREDIT', 642481.00, '2023-08-18 11:23:43', 8.00, 'PB1', 'SUCCESS', 1),
(253, 12, 'CREDIT', 22163.00, '2023-07-22 06:45:02', 10.00, 'PPN', 'SUCCESS', 1),
(254, 31, 'DEBIT', 99880.00, '2023-08-28 13:25:41', 2.00, 'PB1', 'SUCCESS', 6),
(255, 78, 'DEBIT', 846261.00, '2023-09-01 20:56:17', 6.00, 'PB1', 'FAILED', 1),
(256, 15, 'CASH', 911488.00, '2022-05-03 11:11:49', 5.00, 'PPN', 'CANCELED', 5),
(257, 3, 'DEBIT', 923093.00, '2023-01-05 06:43:37', 7.00, 'PPN', 'SUCCESS', 5),
(258, 87, 'QRIS', 200766.00, '2022-01-06 01:38:04', 3.00, 'PB1', 'SUCCESS', 5),
(259, 72, 'CASH', 503721.00, '2023-05-25 16:06:06', 1.00, 'PPN', 'SUCCESS', 4),
(260, 61, 'CASH', 294009.00, '2022-09-10 01:09:47', 8.00, 'PPN', 'SUCCESS', 4),
(261, 87, 'QRIS', 525255.00, '2023-07-04 16:43:44', 1.00, 'PB1', 'PENDING', 5),
(262, 13, 'CREDIT', 296978.00, '2023-10-22 11:36:11', 4.00, 'PB1', 'EXPIRED', 3),
(263, 30, 'CREDIT', 764124.00, '2022-12-30 00:42:58', 9.00, 'PPN', 'SUCCESS', 6),
(264, 13, 'CASH', 167365.00, '2023-01-01 18:57:58', 4.00, 'PB1', 'SUCCESS', 6),
(265, 51, 'QRIS', 917929.00, '2023-04-18 00:48:18', 1.00, 'PB1', 'FAILED', 4),
(266, 14, 'QRIS', 86977.00, '2022-09-15 12:24:25', 3.00, 'PB1', 'SUCCESS', 5),
(267, 23, 'CASH', 937943.00, '2023-03-28 04:57:03', 5.00, 'PPN', 'SUCCESS', 3),
(268, 22, 'CASH', 938627.00, '2022-04-16 02:07:23', 1.00, 'PPN', 'SUCCESS', 5),
(269, 96, 'QRIS', 477439.00, '2022-07-30 23:22:49', 1.00, 'PPN', 'PENDING', 3),
(270, 54, 'CASH', 329072.00, '2022-11-30 01:46:26', 4.00, 'PPN', 'FAILED', 5),
(271, 27, 'DEBIT', 835071.00, '2022-01-17 05:34:12', 6.00, 'PB1', 'SUCCESS', 4),
(272, 53, 'CREDIT', 313859.00, '2022-07-16 03:26:31', 5.00, 'PB1', 'SUCCESS', 1),
(273, 56, 'DEBIT', 672657.00, '2023-10-09 19:24:05', 4.00, 'PPN', 'SUCCESS', 5),
(274, 22, 'CASH', 441055.00, '2023-09-06 08:40:03', 7.00, 'PPN', 'SUCCESS', 3),
(275, 33, 'CREDIT', 712658.00, '2022-12-30 03:03:41', 7.00, 'PB1', 'SUCCESS', 5),
(276, 38, 'DEBIT', 312183.00, '2022-01-29 18:32:28', 1.00, 'PPN', 'EXPIRED', 3),
(277, 91, 'CASH', 143111.00, '2022-12-28 20:18:41', 5.00, 'PPN', 'SUCCESS', 5),
(278, 65, 'QRIS', 884183.00, '2022-02-14 23:05:03', 3.00, 'PPN', 'CANCELED', 6),
(279, 87, 'CREDIT', 25983.00, '2023-04-16 03:08:21', 7.00, 'PB1', 'SUCCESS', 4),
(280, 52, 'CASH', 593277.00, '2023-01-08 06:37:43', 6.00, 'PPN', 'SUCCESS', 5),
(281, 53, 'CASH', 187328.00, '2022-06-26 15:45:50', 5.00, 'PB1', 'SUCCESS', 6),
(282, 69, 'QRIS', 898294.00, '2022-06-22 07:25:05', 3.00, 'PB1', 'SUCCESS', 6),
(283, 16, 'CASH', 715478.00, '2022-09-10 10:42:29', 4.00, 'PPN', 'SUCCESS', 4),
(284, 27, 'QRIS', 640250.00, '2022-06-02 00:57:51', 1.00, 'PB1', 'FAILED', 1),
(285, 11, 'CASH', 976043.00, '2023-04-02 16:23:11', 10.00, 'PB1', 'CANCELED', 5),
(286, 47, 'CASH', 37808.00, '2022-03-31 14:14:58', 9.00, 'PB1', 'SUCCESS', 6),
(287, 24, 'DEBIT', 831802.00, '2023-01-23 19:05:31', 1.00, 'PPN', 'SUCCESS', 4),
(288, 29, 'DEBIT', 988118.00, '2022-07-03 03:32:06', 8.00, 'PB1', 'SUCCESS', 5),
(289, 43, 'DEBIT', 479584.00, '2022-06-21 09:31:32', 2.00, 'PPN', 'SUCCESS', 3),
(290, 13, 'QRIS', 196546.00, '2023-08-26 07:53:16', 8.00, 'PB1', 'SUCCESS', 4),
(291, 76, 'DEBIT', 970473.00, '2022-10-19 00:17:45', 10.00, 'PPN', 'SUCCESS', 4),
(292, 96, 'DEBIT', 861032.00, '2022-03-03 19:50:21', 8.00, 'PB1', 'SUCCESS', 1),
(293, 23, 'QRIS', 63615.00, '2022-02-13 17:11:35', 7.00, 'PB1', 'SUCCESS', 4),
(294, 80, 'CASH', 703637.00, '2023-01-13 22:11:11', 8.00, 'PB1', 'SUCCESS', 6),
(295, 37, 'CREDIT', 11134.00, '2022-06-23 01:00:38', 1.00, 'PPN', 'EXPIRED', 1),
(296, 13, 'CASH', 127915.00, '2023-09-05 08:58:22', 1.00, 'PB1', 'SUCCESS', 6),
(297, 2, 'QRIS', 847321.00, '2022-12-25 15:35:14', 8.00, 'PPN', 'CANCELED', 4),
(298, 38, 'CREDIT', 22335.00, '2023-08-16 02:02:15', 1.00, 'PPN', 'SUCCESS', 3),
(299, 31, 'CREDIT', 329657.00, '2022-04-07 16:15:21', 3.00, 'PPN', 'SUCCESS', 4),
(300, 69, 'CREDIT', 838381.00, '2022-12-24 23:44:56', 3.00, 'PPN', 'SUCCESS', 5),
(301, 26, 'QRIS', 398326.00, '2023-04-23 18:19:31', 5.00, 'PB1', 'SUCCESS', 5),
(302, 37, 'CREDIT', 786524.00, '2023-07-09 02:28:58', 9.00, 'PPN', 'SUCCESS', 5),
(303, 56, 'QRIS', 476950.00, '2023-11-23 08:19:31', 2.00, 'PB1', 'SUCCESS', 5),
(304, 57, 'DEBIT', 258735.00, '2023-06-14 17:27:05', 2.00, 'PPN', 'CANCELED', 4),
(305, 23, 'DEBIT', 640861.00, '2022-09-12 23:05:12', 3.00, 'PPN', 'SUCCESS', 6),
(306, 56, 'QRIS', 409149.00, '2023-09-10 06:36:01', 9.00, 'PB1', 'SUCCESS', 5),
(307, 61, 'CASH', 818600.00, '2023-01-29 09:14:46', 1.00, 'PPN', 'EXPIRED', 4),
(308, 28, 'DEBIT', 149577.00, '2023-05-30 12:40:22', 2.00, 'PPN', 'SUCCESS', 3),
(309, 22, 'CASH', 772086.00, '2023-01-14 21:21:35', 1.00, 'PB1', 'SUCCESS', 3),
(310, 65, 'CASH', 217213.00, '2022-04-14 11:31:45', 9.00, 'PPN', 'SUCCESS', 5),
(311, 35, 'DEBIT', 645693.00, '2023-09-15 23:38:22', 8.00, 'PB1', 'SUCCESS', 1),
(312, 6, 'CREDIT', 971886.00, '2023-09-07 07:06:36', 4.00, 'PB1', 'SUCCESS', 5),
(313, 12, 'CASH', 970520.00, '2022-08-07 21:32:17', 10.00, 'PPN', 'SUCCESS', 5),
(314, 42, 'CASH', 186376.00, '2022-06-01 18:09:17', 6.00, 'PPN', 'SUCCESS', 5),
(315, 100, 'CASH', 624379.00, '2023-09-11 23:37:54', 2.00, 'PB1', 'PENDING', 2),
(316, 82, 'CASH', 437515.00, '2023-07-13 01:43:17', 2.00, 'PPN', 'CANCELED', 5),
(317, 4, 'DEBIT', 926742.00, '2023-01-22 11:16:00', 4.00, 'PPN', 'SUCCESS', 6),
(318, 100, 'CREDIT', 460548.00, '2022-04-04 22:17:19', 2.00, 'PPN', 'SUCCESS', 6),
(319, 89, 'DEBIT', 877166.00, '2023-07-05 09:50:34', 3.00, 'PB1', 'FAILED', 5),
(320, 44, 'QRIS', 322580.00, '2023-06-10 07:12:52', 7.00, 'PPN', 'SUCCESS', 4),
(321, 74, 'QRIS', 53159.00, '2022-11-23 12:10:35', 8.00, 'PPN', 'SUCCESS', 6),
(322, 71, 'CREDIT', 217131.00, '2023-11-18 07:06:15', 8.00, 'PB1', 'SUCCESS', 5),
(323, 71, 'CREDIT', 189599.00, '2022-09-06 13:39:21', 4.00, 'PPN', 'FAILED', 5),
(324, 47, 'DEBIT', 245143.00, '2023-11-14 18:28:24', 8.00, 'PPN', 'SUCCESS', 3),
(325, 85, 'CREDIT', 780083.00, '2023-05-14 12:07:54', 6.00, 'PPN', 'SUCCESS', 4),
(326, 15, 'QRIS', 1374.00, '2023-05-13 01:22:35', 6.00, 'PB1', 'SUCCESS', 4),
(327, 11, 'CASH', 141313.00, '2023-07-17 18:27:00', 9.00, 'PB1', 'SUCCESS', 5),
(328, 47, 'CASH', 364769.00, '2023-08-03 06:51:16', 7.00, 'PB1', 'SUCCESS', 5),
(329, 93, 'DEBIT', 135200.00, '2022-03-16 06:41:22', 6.00, 'PPN', 'SUCCESS', 6),
(330, 19, 'QRIS', 956759.00, '2022-04-26 10:08:02', 6.00, 'PPN', 'PENDING', 6),
(331, 83, 'CREDIT', 807619.00, '2022-07-16 07:27:48', 2.00, 'PPN', 'SUCCESS', 4),
(332, 82, 'QRIS', 456941.00, '2022-12-29 16:43:12', 10.00, 'PPN', 'SUCCESS', 5),
(333, 72, 'QRIS', 726083.00, '2022-11-27 02:11:12', 7.00, 'PB1', 'SUCCESS', 5),
(334, 85, 'QRIS', 20503.00, '2022-04-10 17:20:00', 10.00, 'PB1', 'SUCCESS', 5),
(335, 28, 'CASH', 369651.00, '2023-05-06 02:19:03', 4.00, 'PPN', 'SUCCESS', 5),
(336, 18, 'QRIS', 276857.00, '2022-07-14 10:31:29', 9.00, 'PB1', 'EXPIRED', 5),
(337, 46, 'CASH', 427268.00, '2023-09-12 13:55:28', 3.00, 'PB1', 'SUCCESS', 5),
(338, 75, 'QRIS', 820606.00, '2023-03-08 17:54:53', 4.00, 'PPN', 'SUCCESS', 3),
(339, 20, 'CREDIT', 105890.00, '2023-02-06 03:51:45', 4.00, 'PPN', 'SUCCESS', 5),
(340, 79, 'QRIS', 818557.00, '2022-08-28 00:10:31', 4.00, 'PPN', 'SUCCESS', 6),
(341, 58, 'CASH', 711371.00, '2022-09-25 05:51:08', 6.00, 'PPN', 'SUCCESS', 3),
(342, 16, 'CASH', 891181.00, '2022-04-22 20:10:23', 5.00, 'PPN', 'SUCCESS', 5),
(343, 84, 'QRIS', 606567.00, '2023-10-03 03:03:57', 6.00, 'PB1', 'SUCCESS', 6),
(344, 80, 'CASH', 770333.00, '2022-05-04 20:16:39', 5.00, 'PPN', 'EXPIRED', 5),
(345, 72, 'DEBIT', 355933.00, '2022-07-07 01:22:32', 3.00, 'PB1', 'SUCCESS', 1),
(346, 67, 'DEBIT', 588525.00, '2022-08-09 20:50:31', 2.00, 'PB1', 'SUCCESS', 6),
(347, 85, 'CREDIT', 916723.00, '2023-06-19 04:10:46', 7.00, 'PPN', 'SUCCESS', 6),
(348, 93, 'CASH', 653687.00, '2022-03-05 13:00:32', 4.00, 'PB1', 'CANCELED', 1),
(349, 94, 'DEBIT', 288757.00, '2022-03-21 21:52:45', 10.00, 'PPN', 'SUCCESS', 3),
(350, 77, 'QRIS', 620758.00, '2023-09-22 21:48:59', 7.00, 'PPN', 'SUCCESS', 6),
(351, 4, 'CREDIT', 971344.00, '2022-09-04 08:05:16', 3.00, 'PPN', 'SUCCESS', 6),
(352, 77, 'DEBIT', 603327.00, '2022-11-27 23:58:12', 1.00, 'PPN', 'SUCCESS', 4),
(353, 74, 'CASH', 784640.00, '2022-04-10 22:20:39', 7.00, 'PB1', 'SUCCESS', 1),
(354, 18, 'CASH', 178295.00, '2022-02-13 11:37:37', 4.00, 'PB1', 'SUCCESS', 5),
(355, 73, 'DEBIT', 451935.00, '2022-10-17 04:16:09', 5.00, 'PPN', 'SUCCESS', 5),
(356, 72, 'CASH', 522868.00, '2022-02-12 15:01:57', 6.00, 'PPN', 'EXPIRED', 5),
(357, 9, 'QRIS', 827946.00, '2022-11-16 08:25:31', 2.00, 'PPN', 'CANCELED', 6),
(358, 19, 'QRIS', 135298.00, '2023-02-05 17:11:53', 9.00, 'PB1', 'SUCCESS', 3),
(359, 21, 'QRIS', 853540.00, '2023-04-02 22:11:44', 10.00, 'PB1', 'FAILED', 5),
(360, 71, 'QRIS', 287981.00, '2023-04-25 06:33:55', 10.00, 'PPN', 'SUCCESS', 6),
(361, 81, 'CASH', 342787.00, '2023-09-28 21:28:48', 2.00, 'PB1', 'EXPIRED', 5),
(362, 99, 'CASH', 209401.00, '2022-01-09 21:36:41', 8.00, 'PPN', 'SUCCESS', 1),
(363, 93, 'QRIS', 937758.00, '2023-06-09 20:29:35', 8.00, 'PB1', 'SUCCESS', 5),
(364, 87, 'CASH', 85505.00, '2022-01-21 05:16:05', 4.00, 'PPN', 'SUCCESS', 5),
(365, 59, 'QRIS', 149801.00, '2023-10-10 21:40:21', 7.00, 'PB1', 'FAILED', 3),
(366, 61, 'QRIS', 192843.00, '2022-11-04 19:46:51', 4.00, 'PPN', 'SUCCESS', 4),
(367, 46, 'CASH', 144987.00, '2023-02-18 01:52:24', 3.00, 'PPN', 'SUCCESS', 6),
(368, 71, 'CASH', 571405.00, '2023-07-24 13:19:58', 2.00, 'PB1', 'SUCCESS', 3),
(369, 29, 'DEBIT', 315342.00, '2022-01-12 00:31:02', 6.00, 'PPN', 'SUCCESS', 5),
(370, 66, 'CREDIT', 429917.00, '2023-11-26 05:58:25', 5.00, 'PB1', 'SUCCESS', 3),
(371, 4, 'CREDIT', 677795.00, '2023-10-12 01:17:27', 6.00, 'PB1', 'EXPIRED', 6),
(372, 88, 'QRIS', 292028.00, '2022-08-04 00:12:09', 7.00, 'PB1', 'SUCCESS', 6),
(373, 82, 'QRIS', 52965.00, '2023-06-09 06:24:31', 10.00, 'PB1', 'SUCCESS', 4),
(374, 10, 'QRIS', 327750.00, '2022-06-07 14:12:31', 4.00, 'PB1', 'SUCCESS', 4),
(375, 5, 'QRIS', 695930.00, '2023-05-19 22:39:30', 2.00, 'PPN', 'CANCELED', 2),
(376, 45, 'DEBIT', 712050.00, '2023-01-08 02:08:15', 6.00, 'PPN', 'EXPIRED', 5),
(377, 53, 'QRIS', 856357.00, '2023-08-21 06:47:28', 2.00, 'PPN', 'SUCCESS', 6),
(378, 61, 'DEBIT', 931981.00, '2023-02-07 19:59:04', 7.00, 'PPN', 'FAILED', 6),
(379, 39, 'QRIS', 520935.00, '2023-10-24 10:15:15', 3.00, 'PPN', 'SUCCESS', 5),
(380, 63, 'CREDIT', 647363.00, '2022-05-11 23:10:41', 4.00, 'PPN', 'CANCELED', 4),
(381, 80, 'CASH', 556210.00, '2023-04-18 01:04:01', 3.00, 'PB1', 'SUCCESS', 5),
(382, 70, 'CREDIT', 483948.00, '2022-06-14 08:48:10', 7.00, 'PB1', 'SUCCESS', 3),
(383, 95, 'QRIS', 327807.00, '2023-03-17 19:02:31', 6.00, 'PPN', 'SUCCESS', 5),
(384, 48, 'CASH', 482672.00, '2023-01-14 09:17:40', 9.00, 'PPN', 'SUCCESS', 4),
(385, 99, 'CASH', 793141.00, '2023-08-05 11:17:44', 2.00, 'PB1', 'SUCCESS', 3),
(386, 39, 'QRIS', 93779.00, '2023-04-17 21:37:27', 9.00, 'PPN', 'SUCCESS', 5),
(387, 40, 'CASH', 792356.00, '2023-03-23 11:44:39', 1.00, 'PB1', 'PENDING', 5),
(388, 5, 'QRIS', 530683.00, '2023-08-13 10:47:33', 3.00, 'PPN', 'EXPIRED', 1),
(389, 57, 'DEBIT', 699167.00, '2022-06-03 19:34:45', 3.00, 'PB1', 'SUCCESS', 3),
(390, 17, 'QRIS', 823923.00, '2023-11-14 23:47:51', 3.00, 'PPN', 'SUCCESS', 5),
(391, 50, 'DEBIT', 705418.00, '2023-02-18 22:19:38', 2.00, 'PB1', 'SUCCESS', 5),
(392, 47, 'CREDIT', 117116.00, '2022-03-03 02:07:25', 7.00, 'PB1', 'SUCCESS', 3),
(393, 12, 'QRIS', 209361.00, '2023-05-28 12:47:31', 3.00, 'PB1', 'SUCCESS', 4),
(394, 58, 'CASH', 792133.00, '2023-09-24 18:29:11', 10.00, 'PPN', 'CANCELED', 4),
(395, 4, 'QRIS', 218164.00, '2022-12-10 15:01:12', 5.00, 'PB1', 'SUCCESS', 5),
(396, 88, 'CREDIT', 122254.00, '2023-02-04 16:03:30', 9.00, 'PB1', 'SUCCESS', 5),
(397, 34, 'QRIS', 131934.00, '2023-04-01 20:59:42', 2.00, 'PB1', 'SUCCESS', 6),
(398, 49, 'QRIS', 986099.00, '2023-11-21 05:55:55', 8.00, 'PB1', 'CANCELED', 5),
(399, 75, 'QRIS', 830090.00, '2022-10-31 20:03:48', 4.00, 'PPN', 'SUCCESS', 2),
(400, 8, 'QRIS', 709897.00, '2022-10-13 10:08:59', 2.00, 'PPN', 'FAILED', 4),
(401, 65, 'CREDIT', 339874.00, '2023-01-13 05:12:32', 9.00, 'PB1', 'SUCCESS', 5),
(402, 9, 'QRIS', 769892.00, '2022-12-20 11:00:55', 4.00, 'PPN', 'SUCCESS', 2),
(403, 73, 'CASH', 360415.00, '2022-06-08 23:35:20', 7.00, 'PPN', 'SUCCESS', 2),
(404, 97, 'QRIS', 228638.00, '2022-04-01 18:16:59', 9.00, 'PB1', 'SUCCESS', 5),
(405, 90, 'DEBIT', 473118.00, '2022-09-01 13:10:19', 1.00, 'PPN', 'SUCCESS', 4),
(406, 16, 'CREDIT', 456690.00, '2023-11-18 07:30:40', 8.00, 'PB1', 'SUCCESS', 1),
(407, 70, 'DEBIT', 490796.00, '2022-10-22 14:35:54', 2.00, 'PPN', 'SUCCESS', 3),
(408, 39, 'CREDIT', 112398.00, '2023-01-14 19:24:34', 9.00, 'PPN', 'SUCCESS', 1),
(409, 20, 'CASH', 943686.00, '2022-12-03 21:08:17', 8.00, 'PB1', 'SUCCESS', 4),
(410, 94, 'QRIS', 688404.00, '2022-06-18 21:02:35', 6.00, 'PB1', 'SUCCESS', 5),
(411, 33, 'CREDIT', 926554.00, '2022-11-24 01:39:11', 9.00, 'PB1', 'SUCCESS', 1),
(412, 69, 'DEBIT', 986485.00, '2023-06-28 15:34:59', 7.00, 'PPN', 'PENDING', 5),
(413, 47, 'CASH', 141701.00, '2022-06-25 20:37:29', 7.00, 'PB1', 'PENDING', 6),
(414, 7, 'CREDIT', 523423.00, '2023-08-18 10:04:30', 2.00, 'PB1', 'CANCELED', 5),
(415, 49, 'CASH', 5442.00, '2022-08-08 06:52:10', 3.00, 'PPN', 'EXPIRED', 4),
(416, 64, 'CREDIT', 259848.00, '2023-07-18 10:42:59', 4.00, 'PPN', 'SUCCESS', 4),
(417, 95, 'CASH', 490595.00, '2023-01-14 23:25:53', 3.00, 'PB1', 'SUCCESS', 4),
(418, 67, 'CREDIT', 260713.00, '2023-03-09 09:23:09', 1.00, 'PPN', 'FAILED', 1),
(419, 49, 'QRIS', 169505.00, '2022-04-06 07:59:30', 3.00, 'PPN', 'SUCCESS', 3),
(420, 27, 'QRIS', 274967.00, '2023-03-27 18:51:58', 9.00, 'PB1', 'SUCCESS', 2),
(421, 23, 'DEBIT', 254101.00, '2023-06-19 20:07:59', 2.00, 'PB1', 'PENDING', 5),
(422, 43, 'CREDIT', 670637.00, '2022-03-25 06:43:03', 7.00, 'PB1', 'SUCCESS', 3),
(423, 63, 'CASH', 676590.00, '2022-01-19 05:10:42', 3.00, 'PPN', 'SUCCESS', 5),
(424, 19, 'DEBIT', 232099.00, '2023-07-15 12:25:23', 1.00, 'PPN', 'SUCCESS', 1),
(425, 30, 'CASH', 686968.00, '2023-11-17 23:17:41', 3.00, 'PPN', 'SUCCESS', 4),
(426, 97, 'CREDIT', 615860.00, '2022-11-16 18:53:22', 7.00, 'PB1', 'SUCCESS', 4),
(427, 3, 'DEBIT', 629421.00, '2022-01-22 13:40:05', 6.00, 'PPN', 'SUCCESS', 4),
(428, 33, 'QRIS', 221633.00, '2022-01-30 18:18:23', 6.00, 'PPN', 'SUCCESS', 4),
(429, 62, 'CASH', 618795.00, '2023-05-18 08:47:41', 1.00, 'PB1', 'SUCCESS', 4),
(430, 66, 'CREDIT', 763267.00, '2023-01-11 09:21:39', 7.00, 'PB1', 'FAILED', 4),
(431, 3, 'CREDIT', 772584.00, '2022-12-06 20:41:21', 6.00, 'PPN', 'SUCCESS', 6),
(432, 84, 'QRIS', 188508.00, '2022-06-24 12:46:27', 1.00, 'PB1', 'FAILED', 6),
(433, 92, 'DEBIT', 977888.00, '2023-10-21 02:32:15', 1.00, 'PPN', 'SUCCESS', 4),
(434, 50, 'DEBIT', 416957.00, '2022-03-02 11:00:30', 5.00, 'PB1', 'SUCCESS', 4),
(435, 78, 'CASH', 64404.00, '2022-04-18 10:06:46', 3.00, 'PPN', 'SUCCESS', 5),
(436, 94, 'QRIS', 380579.00, '2023-06-23 12:12:59', 3.00, 'PPN', 'SUCCESS', 6),
(437, 9, 'CREDIT', 476598.00, '2023-08-20 08:18:16', 7.00, 'PB1', 'PENDING', 5),
(438, 32, 'CREDIT', 7588.00, '2022-08-16 10:53:23', 1.00, 'PPN', 'SUCCESS', 5),
(439, 12, 'CASH', 9055.00, '2022-06-14 12:39:18', 10.00, 'PB1', 'SUCCESS', 2),
(440, 12, 'QRIS', 487827.00, '2023-05-27 04:56:42', 6.00, 'PPN', 'SUCCESS', 3),
(441, 84, 'CREDIT', 11984.00, '2023-01-04 08:11:32', 10.00, 'PPN', 'PENDING', 5),
(442, 97, 'CASH', 697615.00, '2022-03-23 22:52:39', 1.00, 'PPN', 'CANCELED', 5),
(443, 63, 'QRIS', 137925.00, '2022-06-04 00:06:15', 6.00, 'PB1', 'CANCELED', 4),
(444, 8, 'DEBIT', 446822.00, '2023-07-15 12:22:12', 5.00, 'PB1', 'CANCELED', 6),
(445, 78, 'DEBIT', 921904.00, '2022-10-18 08:20:39', 5.00, 'PB1', 'SUCCESS', 4),
(446, 38, 'DEBIT', 764408.00, '2022-09-03 01:27:29', 8.00, 'PPN', 'FAILED', 4),
(447, 49, 'QRIS', 740966.00, '2022-07-13 16:41:29', 8.00, 'PPN', 'FAILED', 5),
(448, 98, 'QRIS', 815388.00, '2022-06-07 07:35:32', 10.00, 'PB1', 'SUCCESS', 3),
(449, 43, 'DEBIT', 655545.00, '2022-06-24 01:15:15', 10.00, 'PPN', 'SUCCESS', 6),
(450, 87, 'DEBIT', 978811.00, '2022-08-25 02:20:07', 2.00, 'PPN', 'SUCCESS', 6),
(451, 26, 'CREDIT', 109525.00, '2023-05-03 19:54:34', 9.00, 'PB1', 'FAILED', 6),
(452, 94, 'DEBIT', 800764.00, '2022-07-13 06:00:55', 7.00, 'PPN', 'SUCCESS', 4),
(453, 9, 'CREDIT', 704659.00, '2023-06-26 17:51:11', 4.00, 'PPN', 'SUCCESS', 6),
(454, 57, 'CREDIT', 17958.00, '2022-07-10 17:28:34', 8.00, 'PB1', 'SUCCESS', 1),
(455, 86, 'CASH', 50719.00, '2023-04-24 21:07:23', 6.00, 'PB1', 'SUCCESS', 4),
(456, 21, 'DEBIT', 115166.00, '2022-09-22 18:07:40', 10.00, 'PB1', 'EXPIRED', 5),
(457, 80, 'QRIS', 389807.00, '2022-01-11 03:01:59', 2.00, 'PB1', 'SUCCESS', 5),
(458, 53, 'QRIS', 444684.00, '2023-01-14 10:54:19', 1.00, 'PPN', 'FAILED', 6),
(459, 22, 'DEBIT', 530878.00, '2023-10-14 21:14:49', 4.00, 'PB1', 'SUCCESS', 3),
(460, 52, 'CASH', 796333.00, '2023-01-27 17:54:48', 2.00, 'PB1', 'SUCCESS', 1),
(461, 91, 'DEBIT', 190351.00, '2022-04-22 11:26:51', 7.00, 'PPN', 'SUCCESS', 3),
(462, 91, 'CREDIT', 702412.00, '2022-12-27 07:43:33', 7.00, 'PPN', 'SUCCESS', 1),
(463, 4, 'CREDIT', 722387.00, '2022-12-15 10:06:31', 5.00, 'PB1', 'SUCCESS', 6),
(464, 39, 'QRIS', 592576.00, '2022-05-29 14:19:59', 6.00, 'PB1', 'SUCCESS', 6),
(465, 22, 'QRIS', 576294.00, '2023-02-06 12:04:16', 5.00, 'PB1', 'SUCCESS', 4),
(466, 49, 'CREDIT', 587476.00, '2022-11-17 09:18:16', 4.00, 'PB1', 'SUCCESS', 1),
(467, 82, 'CREDIT', 790498.00, '2023-04-27 10:05:47', 10.00, 'PB1', 'SUCCESS', 5),
(468, 23, 'CREDIT', 188371.00, '2022-05-17 10:22:36', 2.00, 'PB1', 'CANCELED', 6),
(469, 77, 'QRIS', 241001.00, '2022-09-25 02:20:26', 3.00, 'PPN', 'SUCCESS', 1),
(470, 89, 'CASH', 321731.00, '2023-04-24 04:23:33', 4.00, 'PB1', 'SUCCESS', 5),
(471, 63, 'DEBIT', 968950.00, '2023-01-15 21:38:48', 6.00, 'PPN', 'SUCCESS', 5),
(472, 33, 'DEBIT', 12260.00, '2023-01-10 13:19:34', 10.00, 'PPN', 'SUCCESS', 5),
(473, 54, 'CREDIT', 924101.00, '2023-05-16 13:20:41', 3.00, 'PB1', 'SUCCESS', 6),
(474, 45, 'CREDIT', 735317.00, '2022-07-16 20:44:06', 8.00, 'PB1', 'SUCCESS', 1),
(475, 96, 'CASH', 954670.00, '2022-02-07 05:52:43', 8.00, 'PPN', 'SUCCESS', 4),
(476, 9, 'QRIS', 628298.00, '2022-02-23 17:14:58', 8.00, 'PPN', 'SUCCESS', 5),
(477, 53, 'CREDIT', 476225.00, '2023-09-14 13:19:38', 9.00, 'PB1', 'SUCCESS', 6),
(478, 33, 'QRIS', 482934.00, '2023-04-11 03:39:09', 4.00, 'PB1', 'SUCCESS', 5),
(479, 89, 'CREDIT', 337854.00, '2022-05-25 19:16:11', 7.00, 'PPN', 'SUCCESS', 3),
(480, 10, 'CASH', 738936.00, '2022-08-01 20:26:42', 9.00, 'PPN', 'SUCCESS', 6),
(481, 72, 'CREDIT', 338292.00, '2022-06-30 13:06:38', 10.00, 'PPN', 'SUCCESS', 5),
(482, 62, 'CREDIT', 902398.00, '2023-05-08 04:47:49', 7.00, 'PPN', 'SUCCESS', 3),
(483, 32, 'CREDIT', 385620.00, '2022-01-23 18:41:37', 2.00, 'PPN', 'SUCCESS', 4),
(484, 75, 'QRIS', 279303.00, '2023-03-16 06:03:36', 7.00, 'PB1', 'SUCCESS', 5),
(485, 30, 'CASH', 808701.00, '2022-02-27 20:43:49', 5.00, 'PPN', 'SUCCESS', 5),
(486, 90, 'CASH', 239929.00, '2022-05-01 18:54:33', 4.00, 'PB1', 'SUCCESS', 3),
(487, 71, 'CREDIT', 466066.00, '2023-10-26 10:12:22', 1.00, 'PB1', 'SUCCESS', 6),
(488, 55, 'CREDIT', 111633.00, '2022-01-04 02:03:41', 3.00, 'PB1', 'SUCCESS', 5),
(489, 26, 'DEBIT', 563534.00, '2022-01-14 07:56:36', 6.00, 'PB1', 'SUCCESS', 5),
(490, 96, 'DEBIT', 102753.00, '2023-06-08 03:37:03', 1.00, 'PPN', 'PENDING', 2),
(491, 90, 'QRIS', 809626.00, '2023-11-25 15:50:39', 5.00, 'PB1', 'SUCCESS', 4),
(492, 100, 'DEBIT', 126177.00, '2022-01-23 20:15:45', 7.00, 'PB1', 'FAILED', 3),
(493, 6, 'CASH', 572634.00, '2022-07-13 20:04:45', 5.00, 'PPN', 'SUCCESS', 2),
(494, 31, 'DEBIT', 36103.00, '2022-12-14 03:44:12', 6.00, 'PPN', 'SUCCESS', 6),
(495, 76, 'CASH', 63265.00, '2022-06-27 01:26:51', 7.00, 'PB1', 'PENDING', 3),
(496, 93, 'DEBIT', 969104.00, '2023-11-01 20:25:51', 9.00, 'PB1', 'FAILED', 6),
(497, 83, 'CREDIT', 525211.00, '2022-11-25 04:09:03', 3.00, 'PB1', 'FAILED', 4),
(498, 46, 'DEBIT', 734797.00, '2022-10-13 02:23:36', 3.00, 'PB1', 'SUCCESS', 5),
(499, 95, 'QRIS', 503480.00, '2023-10-23 06:55:09', 7.00, 'PPN', 'SUCCESS', 4),
(500, 77, 'QRIS', 605546.00, '2022-08-26 17:33:32', 6.00, 'PB1', 'EXPIRED', 5),
(501, 96, 'DEBIT', 880585.00, '2022-12-12 14:10:58', 3.00, 'PPN', 'SUCCESS', 1),
(502, 98, 'DEBIT', 722974.00, '2023-11-06 01:46:33', 7.00, 'PB1', 'PENDING', 3),
(503, 23, 'DEBIT', 770654.00, '2022-07-02 14:08:24', 6.00, 'PPN', 'SUCCESS', 6),
(504, 44, 'CREDIT', 971599.00, '2022-01-19 22:38:41', 8.00, 'PB1', 'EXPIRED', 4),
(505, 84, 'DEBIT', 110936.00, '2022-09-23 16:38:10', 7.00, 'PPN', 'SUCCESS', 4),
(506, 72, 'CREDIT', 133322.00, '2022-11-14 10:16:14', 8.00, 'PB1', 'SUCCESS', 1),
(507, 18, 'QRIS', 409026.00, '2022-06-19 14:31:35', 4.00, 'PB1', 'SUCCESS', 1),
(508, 49, 'DEBIT', 832570.00, '2023-06-08 15:31:15', 9.00, 'PB1', 'SUCCESS', 3),
(509, 11, 'QRIS', 436094.00, '2022-09-05 17:35:05', 9.00, 'PB1', 'CANCELED', 6),
(510, 77, 'DEBIT', 527344.00, '2022-08-03 14:16:04', 3.00, 'PPN', 'PENDING', 5),
(511, 74, 'CASH', 766849.00, '2022-03-30 00:27:57', 2.00, 'PB1', 'SUCCESS', 5),
(512, 27, 'CREDIT', 431473.00, '2022-09-29 08:12:28', 4.00, 'PB1', 'EXPIRED', 2),
(513, 32, 'DEBIT', 71068.00, '2022-07-12 20:15:45', 7.00, 'PPN', 'CANCELED', 3),
(514, 70, 'DEBIT', 983842.00, '2023-05-22 20:33:24', 1.00, 'PB1', 'SUCCESS', 6),
(515, 43, 'CREDIT', 35494.00, '2023-05-08 19:03:19', 3.00, 'PPN', 'SUCCESS', 5),
(516, 34, 'CASH', 839641.00, '2023-05-08 17:47:00', 5.00, 'PB1', 'SUCCESS', 3),
(517, 82, 'CASH', 151646.00, '2023-03-16 02:27:51', 5.00, 'PPN', 'SUCCESS', 5),
(518, 99, 'CASH', 104015.00, '2022-02-07 12:11:20', 3.00, 'PB1', 'SUCCESS', 3),
(519, 29, 'DEBIT', 40572.00, '2023-10-01 21:37:03', 3.00, 'PB1', 'SUCCESS', 6),
(520, 88, 'CASH', 928198.00, '2022-12-31 19:51:25', 7.00, 'PPN', 'FAILED', 3),
(521, 34, 'CASH', 968276.00, '2022-12-17 22:44:18', 5.00, 'PPN', 'SUCCESS', 3),
(522, 73, 'CREDIT', 448703.00, '2022-12-31 15:11:23', 2.00, 'PPN', 'SUCCESS', 3),
(523, 17, 'QRIS', 766742.00, '2022-09-22 12:15:54', 7.00, 'PPN', 'SUCCESS', 2),
(524, 75, 'DEBIT', 36384.00, '2022-03-04 06:36:40', 9.00, 'PPN', 'SUCCESS', 4),
(525, 8, 'CASH', 325822.00, '2023-07-04 00:58:30', 10.00, 'PPN', 'CANCELED', 5),
(526, 43, 'CASH', 751630.00, '2022-10-28 06:35:35', 7.00, 'PPN', 'FAILED', 6),
(527, 14, 'DEBIT', 475401.00, '2023-06-30 13:09:13', 3.00, 'PB1', 'SUCCESS', 5),
(528, 68, 'DEBIT', 936757.00, '2022-11-21 07:01:51', 9.00, 'PB1', 'SUCCESS', 2),
(529, 61, 'DEBIT', 105680.00, '2022-02-17 07:01:47', 9.00, 'PPN', 'SUCCESS', 5),
(530, 78, 'DEBIT', 433906.00, '2022-03-21 04:36:46', 5.00, 'PPN', 'SUCCESS', 3),
(531, 64, 'CREDIT', 452305.00, '2023-09-13 20:23:38', 10.00, 'PPN', 'SUCCESS', 5),
(532, 25, 'CREDIT', 480963.00, '2022-10-04 21:12:54', 3.00, 'PB1', 'SUCCESS', 3),
(533, 92, 'CASH', 778564.00, '2022-02-24 02:55:57', 5.00, 'PPN', 'SUCCESS', 6),
(534, 6, 'CREDIT', 514931.00, '2022-07-27 17:30:54', 10.00, 'PPN', 'SUCCESS', 5),
(535, 95, 'QRIS', 322890.00, '2022-12-31 09:07:48', 3.00, 'PPN', 'SUCCESS', 2),
(536, 1, 'DEBIT', 334530.00, '2022-04-28 12:21:56', 6.00, 'PB1', 'SUCCESS', 5),
(537, 50, 'CREDIT', 893421.00, '2022-01-04 16:59:12', 2.00, 'PPN', 'FAILED', 5),
(538, 54, 'CREDIT', 880397.00, '2023-09-15 00:22:23', 4.00, 'PPN', 'SUCCESS', 5),
(539, 70, 'DEBIT', 453603.00, '2022-03-05 21:34:52', 8.00, 'PB1', 'SUCCESS', 2),
(540, 34, 'QRIS', 164300.00, '2022-08-11 17:06:12', 2.00, 'PPN', 'SUCCESS', 5),
(541, 58, 'DEBIT', 572444.00, '2022-02-13 06:04:31', 9.00, 'PB1', 'SUCCESS', 5),
(542, 100, 'CASH', 171762.00, '2022-12-23 04:09:40', 3.00, 'PB1', 'EXPIRED', 4),
(543, 55, 'QRIS', 540452.00, '2023-01-14 15:52:21', 4.00, 'PPN', 'SUCCESS', 4),
(544, 56, 'CASH', 629711.00, '2023-05-14 07:55:37', 2.00, 'PB1', 'EXPIRED', 4),
(545, 85, 'DEBIT', 413508.00, '2023-09-02 07:23:26', 6.00, 'PB1', 'SUCCESS', 1),
(546, 65, 'CASH', 850497.00, '2023-07-03 01:33:39', 10.00, 'PPN', 'SUCCESS', 6),
(547, 64, 'CASH', 286303.00, '2022-04-11 11:57:33', 10.00, 'PB1', 'SUCCESS', 5),
(548, 48, 'DEBIT', 548540.00, '2022-09-14 08:06:22', 7.00, 'PB1', 'SUCCESS', 2),
(549, 95, 'CREDIT', 904967.00, '2022-01-01 06:08:24', 4.00, 'PB1', 'CANCELED', 3),
(550, 12, 'CASH', 992355.00, '2022-09-09 15:12:07', 8.00, 'PB1', 'SUCCESS', 6),
(551, 6, 'CREDIT', 624836.00, '2023-06-24 10:22:43', 6.00, 'PB1', 'SUCCESS', 5),
(552, 30, 'CASH', 986562.00, '2023-10-05 22:55:51', 6.00, 'PB1', 'SUCCESS', 3),
(553, 42, 'CASH', 496496.00, '2022-10-03 20:46:05', 6.00, 'PPN', 'SUCCESS', 4),
(554, 76, 'CASH', 207126.00, '2023-09-19 23:19:46', 6.00, 'PPN', 'SUCCESS', 2),
(555, 55, 'CASH', 449251.00, '2022-05-03 12:55:18', 1.00, 'PB1', 'EXPIRED', 4),
(556, 31, 'QRIS', 653319.00, '2023-10-24 16:46:05', 5.00, 'PPN', 'SUCCESS', 4),
(557, 87, 'DEBIT', 825877.00, '2023-09-28 11:13:22', 4.00, 'PPN', 'SUCCESS', 6),
(558, 60, 'DEBIT', 977615.00, '2022-09-17 21:37:15', 1.00, 'PPN', 'SUCCESS', 5),
(559, 82, 'DEBIT', 650529.00, '2023-01-10 16:22:17', 2.00, 'PB1', 'SUCCESS', 5),
(560, 38, 'QRIS', 548597.00, '2023-08-30 23:51:30', 1.00, 'PPN', 'FAILED', 6),
(561, 59, 'QRIS', 486281.00, '2022-12-14 18:39:27', 1.00, 'PB1', 'SUCCESS', 3),
(562, 40, 'DEBIT', 210763.00, '2023-03-16 08:38:22', 9.00, 'PPN', 'CANCELED', 2),
(563, 44, 'CASH', 625587.00, '2022-02-09 22:09:45', 10.00, 'PPN', 'SUCCESS', 6),
(564, 16, 'DEBIT', 836604.00, '2023-07-13 16:51:53', 9.00, 'PPN', 'SUCCESS', 6),
(565, 63, 'QRIS', 591927.00, '2023-03-27 21:48:45', 1.00, 'PB1', 'SUCCESS', 1),
(566, 92, 'QRIS', 422769.00, '2023-06-20 20:01:11', 5.00, 'PPN', 'SUCCESS', 3),
(567, 41, 'CREDIT', 39516.00, '2022-07-23 04:26:22', 4.00, 'PPN', 'FAILED', 6),
(568, 43, 'DEBIT', 413878.00, '2022-02-28 04:37:55', 5.00, 'PB1', 'EXPIRED', 3),
(569, 49, 'DEBIT', 271848.00, '2022-03-02 10:05:18', 1.00, 'PPN', 'SUCCESS', 5),
(570, 80, 'CASH', 538753.00, '2023-02-14 00:28:54', 3.00, 'PPN', 'SUCCESS', 2),
(571, 35, 'DEBIT', 749203.00, '2023-08-30 02:26:31', 2.00, 'PB1', 'CANCELED', 5),
(572, 72, 'CASH', 355986.00, '2022-04-13 09:10:58', 9.00, 'PPN', 'PENDING', 6),
(573, 1, 'DEBIT', 922131.00, '2022-12-12 02:21:42', 7.00, 'PPN', 'SUCCESS', 5),
(574, 28, 'DEBIT', 283561.00, '2022-01-01 01:34:12', 4.00, 'PB1', 'SUCCESS', 5),
(575, 5, 'DEBIT', 487552.00, '2022-08-30 03:17:46', 6.00, 'PPN', 'SUCCESS', 4),
(576, 89, 'QRIS', 40759.00, '2022-02-15 01:22:40', 9.00, 'PB1', 'SUCCESS', 1),
(577, 98, 'DEBIT', 212856.00, '2022-05-03 07:55:13', 1.00, 'PPN', 'CANCELED', 5),
(578, 83, 'QRIS', 7465.00, '2023-09-24 07:34:05', 10.00, 'PB1', 'SUCCESS', 1),
(579, 33, 'CASH', 125064.00, '2022-08-09 12:19:01', 8.00, 'PPN', 'SUCCESS', 5),
(580, 46, 'CASH', 886588.00, '2023-01-23 19:39:24', 5.00, 'PPN', 'SUCCESS', 4),
(581, 11, 'CREDIT', 847737.00, '2022-01-23 09:05:31', 7.00, 'PB1', 'SUCCESS', 6),
(582, 86, 'QRIS', 443506.00, '2022-11-14 08:50:55', 4.00, 'PPN', 'SUCCESS', 5),
(583, 51, 'CASH', 352319.00, '2023-11-06 14:31:27', 10.00, 'PPN', 'CANCELED', 3),
(584, 3, 'CREDIT', 157154.00, '2023-06-19 10:48:51', 6.00, 'PPN', 'SUCCESS', 4),
(585, 76, 'QRIS', 750253.00, '2023-07-29 11:03:37', 3.00, 'PPN', 'SUCCESS', 3),
(586, 45, 'DEBIT', 164829.00, '2022-07-23 18:53:33', 4.00, 'PB1', 'SUCCESS', 5),
(587, 94, 'QRIS', 3036.00, '2022-07-28 00:29:14', 8.00, 'PB1', 'CANCELED', 5),
(588, 62, 'QRIS', 728134.00, '2022-03-22 22:23:27', 3.00, 'PB1', 'SUCCESS', 6),
(589, 62, 'DEBIT', 539540.00, '2023-05-19 21:34:16', 6.00, 'PPN', 'SUCCESS', 6),
(590, 3, 'CREDIT', 563188.00, '2022-11-08 05:15:36', 9.00, 'PPN', 'EXPIRED', 6),
(591, 13, 'DEBIT', 543472.00, '2023-07-13 15:06:12', 5.00, 'PB1', 'SUCCESS', 3),
(592, 29, 'QRIS', 951735.00, '2023-05-15 11:00:24', 10.00, 'PB1', 'SUCCESS', 3),
(593, 25, 'CASH', 820433.00, '2023-10-24 13:45:26', 9.00, 'PPN', 'SUCCESS', 5),
(594, 51, 'CREDIT', 537459.00, '2022-08-14 04:58:55', 4.00, 'PB1', 'EXPIRED', 4),
(595, 9, 'CASH', 950939.00, '2023-04-27 21:51:41', 8.00, 'PB1', 'CANCELED', 2),
(596, 75, 'CASH', 584930.00, '2022-01-01 10:54:56', 7.00, 'PB1', 'SUCCESS', 4),
(597, 98, 'QRIS', 194896.00, '2023-03-19 14:31:32', 4.00, 'PB1', 'SUCCESS', 1),
(598, 30, 'DEBIT', 76329.00, '2022-03-05 23:01:48', 4.00, 'PB1', 'SUCCESS', 5),
(599, 82, 'DEBIT', 260045.00, '2023-08-21 01:48:59', 7.00, 'PPN', 'CANCELED', 4),
(600, 83, 'CASH', 793930.00, '2023-11-14 20:33:21', 9.00, 'PB1', 'CANCELED', 6),
(601, 44, 'QRIS', 360077.00, '2023-09-30 17:37:42', 4.00, 'PB1', 'SUCCESS', 5),
(602, 51, 'DEBIT', 759778.00, '2022-02-12 06:13:03', 3.00, 'PPN', 'SUCCESS', 5),
(603, 22, 'CASH', 404737.00, '2022-11-03 00:41:23', 6.00, 'PPN', 'SUCCESS', 5),
(604, 66, 'QRIS', 435301.00, '2022-10-02 18:46:56', 1.00, 'PB1', 'SUCCESS', 1),
(605, 50, 'CASH', 664463.00, '2022-03-16 11:38:34', 6.00, 'PB1', 'SUCCESS', 1),
(606, 13, 'CREDIT', 611645.00, '2023-09-16 14:03:38', 2.00, 'PPN', 'SUCCESS', 3),
(607, 36, 'CREDIT', 775268.00, '2022-07-06 01:29:31', 9.00, 'PPN', 'SUCCESS', 5),
(608, 53, 'DEBIT', 252394.00, '2023-10-21 03:43:48', 8.00, 'PPN', 'SUCCESS', 1),
(609, 38, 'DEBIT', 417690.00, '2022-01-31 07:30:23', 6.00, 'PPN', 'SUCCESS', 5),
(610, 20, 'QRIS', 620477.00, '2023-04-19 09:36:21', 5.00, 'PPN', 'SUCCESS', 5),
(611, 23, 'CREDIT', 921870.00, '2023-07-24 14:26:20', 3.00, 'PPN', 'SUCCESS', 5),
(612, 64, 'CASH', 49213.00, '2022-10-09 13:40:23', 1.00, 'PPN', 'SUCCESS', 4),
(613, 8, 'DEBIT', 591940.00, '2023-05-25 10:43:19', 3.00, 'PPN', 'SUCCESS', 4),
(614, 60, 'QRIS', 584823.00, '2022-01-22 15:23:16', 10.00, 'PPN', 'SUCCESS', 6),
(615, 29, 'QRIS', 500725.00, '2022-11-19 02:55:31', 4.00, 'PPN', 'SUCCESS', 4),
(616, 8, 'QRIS', 559977.00, '2023-04-28 13:47:25', 8.00, 'PB1', 'SUCCESS', 3),
(617, 91, 'CREDIT', 103884.00, '2022-10-08 17:48:44', 1.00, 'PPN', 'SUCCESS', 3),
(618, 20, 'CREDIT', 525113.00, '2023-08-04 09:32:38', 10.00, 'PPN', 'EXPIRED', 5),
(619, 97, 'CASH', 377820.00, '2022-12-15 11:45:42', 6.00, 'PPN', 'SUCCESS', 5),
(620, 41, 'DEBIT', 286369.00, '2022-12-10 11:02:59', 5.00, 'PB1', 'SUCCESS', 5),
(621, 74, 'CASH', 541750.00, '2023-04-26 21:10:42', 10.00, 'PB1', 'EXPIRED', 4),
(622, 79, 'DEBIT', 408964.00, '2023-04-15 23:35:30', 10.00, 'PPN', 'SUCCESS', 5),
(623, 43, 'QRIS', 314109.00, '2023-08-25 05:05:01', 4.00, 'PPN', 'SUCCESS', 4),
(624, 26, 'QRIS', 792222.00, '2022-06-20 16:28:04', 10.00, 'PPN', 'PENDING', 4),
(625, 96, 'CREDIT', 911994.00, '2023-01-28 10:38:17', 7.00, 'PB1', 'SUCCESS', 6),
(626, 94, 'DEBIT', 902383.00, '2022-05-22 17:53:55', 6.00, 'PPN', 'SUCCESS', 3),
(627, 34, 'DEBIT', 571213.00, '2023-06-08 10:57:06', 3.00, 'PPN', 'SUCCESS', 4),
(628, 47, 'QRIS', 45845.00, '2023-04-08 11:09:46', 9.00, 'PB1', 'CANCELED', 5),
(629, 71, 'CREDIT', 537366.00, '2022-09-15 21:31:11', 1.00, 'PPN', 'SUCCESS', 4),
(630, 20, 'CREDIT', 844699.00, '2023-06-06 06:53:08', 3.00, 'PPN', 'SUCCESS', 5),
(631, 71, 'QRIS', 273459.00, '2023-02-25 04:20:37', 3.00, 'PPN', 'CANCELED', 6),
(632, 16, 'CASH', 634706.00, '2023-09-04 20:16:41', 4.00, 'PPN', 'SUCCESS', 2),
(633, 43, 'QRIS', 231759.00, '2023-06-07 12:26:25', 3.00, 'PB1', 'SUCCESS', 3),
(634, 68, 'CREDIT', 3131.00, '2023-09-21 23:10:58', 2.00, 'PPN', 'SUCCESS', 5),
(635, 2, 'QRIS', 122938.00, '2022-03-05 02:20:18', 6.00, 'PPN', 'SUCCESS', 5);
INSERT INTO `transaction` (`id`, `customer_id`, `transaction_type`, `amount`, `transaction_datetime`, `tax_amount`, `tax_type`, `payment_status`, `product_id`) VALUES
(636, 60, 'DEBIT', 842710.00, '2023-03-29 23:00:35', 4.00, 'PPN', 'SUCCESS', 6),
(637, 10, 'CASH', 794833.00, '2022-07-27 13:42:12', 2.00, 'PPN', 'SUCCESS', 1),
(638, 21, 'CREDIT', 658817.00, '2023-05-08 19:57:38', 6.00, 'PPN', 'SUCCESS', 3),
(639, 43, 'QRIS', 444256.00, '2023-03-11 23:09:28', 3.00, 'PPN', 'SUCCESS', 5),
(640, 92, 'QRIS', 91213.00, '2023-06-07 20:58:52', 4.00, 'PPN', 'SUCCESS', 5),
(641, 93, 'QRIS', 477683.00, '2022-01-15 18:40:06', 4.00, 'PB1', 'SUCCESS', 6),
(642, 61, 'CREDIT', 696330.00, '2023-08-08 03:05:09', 10.00, 'PPN', 'SUCCESS', 4),
(643, 54, 'DEBIT', 857400.00, '2022-02-21 20:58:23', 3.00, 'PPN', 'SUCCESS', 1),
(644, 22, 'QRIS', 843045.00, '2022-02-20 09:55:12', 6.00, 'PPN', 'SUCCESS', 5),
(645, 41, 'DEBIT', 603346.00, '2023-05-22 04:14:35', 2.00, 'PB1', 'SUCCESS', 4),
(646, 69, 'QRIS', 426100.00, '2023-09-20 12:17:01', 3.00, 'PPN', 'SUCCESS', 5),
(647, 93, 'CASH', 596694.00, '2022-04-13 19:56:06', 4.00, 'PB1', 'SUCCESS', 1),
(648, 42, 'QRIS', 341484.00, '2022-03-23 17:42:31', 1.00, 'PB1', 'EXPIRED', 6),
(649, 72, 'CREDIT', 719703.00, '2022-03-02 15:54:58', 2.00, 'PB1', 'SUCCESS', 5),
(650, 19, 'QRIS', 246589.00, '2022-12-20 05:35:50', 8.00, 'PPN', 'SUCCESS', 4),
(651, 32, 'DEBIT', 799359.00, '2022-08-30 19:42:10', 8.00, 'PPN', 'SUCCESS', 4),
(652, 20, 'DEBIT', 158537.00, '2022-12-12 11:43:38', 5.00, 'PB1', 'SUCCESS', 4),
(653, 61, 'CREDIT', 353302.00, '2022-01-31 13:28:17', 5.00, 'PPN', 'CANCELED', 3),
(654, 27, 'DEBIT', 366484.00, '2023-07-13 03:04:02', 8.00, 'PB1', 'SUCCESS', 3),
(655, 82, 'QRIS', 982439.00, '2023-06-01 23:02:30', 1.00, 'PPN', 'SUCCESS', 3),
(656, 29, 'QRIS', 428425.00, '2023-08-09 13:04:30', 2.00, 'PB1', 'SUCCESS', 4),
(657, 61, 'CREDIT', 35255.00, '2023-11-22 15:15:19', 5.00, 'PB1', 'SUCCESS', 6),
(658, 5, 'QRIS', 963734.00, '2023-06-24 15:32:16', 1.00, 'PB1', 'SUCCESS', 5),
(659, 89, 'DEBIT', 627757.00, '2023-04-29 19:38:34', 8.00, 'PB1', 'SUCCESS', 6),
(660, 90, 'CREDIT', 269536.00, '2022-06-19 08:35:40', 8.00, 'PB1', 'SUCCESS', 6),
(661, 88, 'CASH', 561661.00, '2022-06-17 08:10:23', 1.00, 'PB1', 'PENDING', 5),
(662, 19, 'DEBIT', 214637.00, '2023-01-14 12:37:03', 7.00, 'PPN', 'SUCCESS', 6),
(663, 63, 'CREDIT', 843333.00, '2022-02-13 23:44:50', 5.00, 'PB1', 'SUCCESS', 6),
(664, 11, 'CASH', 767783.00, '2023-09-13 23:35:42', 8.00, 'PPN', 'CANCELED', 1),
(665, 8, 'CASH', 4084.00, '2022-01-30 14:56:09', 3.00, 'PB1', 'FAILED', 2),
(666, 87, 'DEBIT', 265805.00, '2022-03-20 23:07:06', 5.00, 'PB1', 'SUCCESS', 1),
(667, 16, 'DEBIT', 387222.00, '2023-01-02 15:55:31', 8.00, 'PB1', 'PENDING', 4),
(668, 7, 'DEBIT', 647164.00, '2023-04-28 06:41:53', 5.00, 'PB1', 'CANCELED', 6),
(669, 47, 'DEBIT', 423813.00, '2023-11-14 11:54:14', 2.00, 'PB1', 'PENDING', 4),
(670, 24, 'CASH', 458748.00, '2023-01-24 00:14:16', 9.00, 'PB1', 'SUCCESS', 5),
(671, 40, 'DEBIT', 326127.00, '2022-05-13 22:53:14', 6.00, 'PPN', 'EXPIRED', 5),
(672, 50, 'CASH', 309604.00, '2023-05-24 09:00:51', 2.00, 'PPN', 'PENDING', 6),
(673, 29, 'DEBIT', 139830.00, '2022-04-26 04:21:08', 3.00, 'PB1', 'SUCCESS', 3),
(674, 36, 'QRIS', 750631.00, '2023-01-16 14:26:08', 2.00, 'PB1', 'SUCCESS', 3),
(675, 55, 'DEBIT', 279663.00, '2022-07-22 18:33:36', 2.00, 'PPN', 'SUCCESS', 6),
(676, 86, 'CREDIT', 352469.00, '2021-12-31 20:21:35', 6.00, 'PPN', 'EXPIRED', 5),
(677, 94, 'DEBIT', 751940.00, '2023-07-02 10:56:08', 5.00, 'PPN', 'SUCCESS', 4),
(678, 79, 'CASH', 516674.00, '2022-02-12 23:41:32', 3.00, 'PB1', 'SUCCESS', 4),
(679, 75, 'CREDIT', 474254.00, '2023-07-25 16:17:14', 8.00, 'PB1', 'SUCCESS', 1),
(680, 6, 'DEBIT', 75079.00, '2022-08-09 12:46:46', 5.00, 'PPN', 'SUCCESS', 5),
(681, 70, 'QRIS', 453713.00, '2022-10-12 14:10:55', 7.00, 'PB1', 'SUCCESS', 3),
(682, 25, 'CASH', 706454.00, '2023-04-28 03:55:55', 9.00, 'PB1', 'SUCCESS', 5),
(683, 80, 'CREDIT', 481509.00, '2023-03-09 05:14:01', 7.00, 'PPN', 'SUCCESS', 4),
(684, 11, 'CASH', 101483.00, '2022-12-01 20:53:49', 3.00, 'PPN', 'PENDING', 6),
(685, 66, 'DEBIT', 935358.00, '2023-10-21 02:51:28', 5.00, 'PB1', 'PENDING', 5),
(686, 20, 'CREDIT', 579415.00, '2023-04-16 16:59:44', 3.00, 'PB1', 'SUCCESS', 5),
(687, 32, 'DEBIT', 173670.00, '2022-07-18 20:51:32', 1.00, 'PB1', 'FAILED', 5),
(688, 82, 'QRIS', 882232.00, '2023-05-27 18:15:19', 10.00, 'PPN', 'SUCCESS', 3),
(689, 27, 'QRIS', 25811.00, '2023-05-01 17:07:06', 5.00, 'PPN', 'PENDING', 6),
(690, 60, 'CASH', 161639.00, '2022-06-14 15:50:12', 10.00, 'PB1', 'FAILED', 4),
(691, 1, 'CASH', 154013.00, '2023-06-30 08:00:15', 8.00, 'PPN', 'SUCCESS', 5),
(692, 33, 'CREDIT', 577831.00, '2023-11-03 06:27:08', 10.00, 'PPN', 'PENDING', 5),
(693, 76, 'CREDIT', 731656.00, '2023-10-17 14:08:59', 7.00, 'PPN', 'SUCCESS', 4),
(694, 82, 'DEBIT', 389440.00, '2023-09-16 02:45:13', 9.00, 'PB1', 'SUCCESS', 1),
(695, 3, 'CREDIT', 258134.00, '2023-02-04 20:13:19', 3.00, 'PPN', 'SUCCESS', 4),
(696, 60, 'DEBIT', 7789.00, '2022-08-10 08:12:01', 3.00, 'PPN', 'SUCCESS', 4),
(697, 41, 'QRIS', 630049.00, '2022-03-14 12:05:16', 7.00, 'PPN', 'SUCCESS', 6),
(698, 76, 'QRIS', 28634.00, '2022-12-04 18:17:32', 6.00, 'PPN', 'SUCCESS', 6),
(699, 26, 'CASH', 854403.00, '2022-10-25 07:31:19', 2.00, 'PPN', 'SUCCESS', 2),
(700, 71, 'CASH', 19209.00, '2023-02-05 10:05:15', 7.00, 'PPN', 'EXPIRED', 1),
(701, 28, 'CASH', 386957.00, '2022-08-11 10:09:34', 10.00, 'PB1', 'CANCELED', 6),
(702, 9, 'CREDIT', 307308.00, '2022-04-29 06:16:37', 4.00, 'PPN', 'SUCCESS', 1),
(703, 12, 'CASH', 416180.00, '2023-05-30 04:33:08', 1.00, 'PPN', 'SUCCESS', 5),
(704, 88, 'CASH', 363470.00, '2022-11-06 22:11:30', 3.00, 'PB1', 'SUCCESS', 5),
(705, 27, 'CASH', 351011.00, '2023-10-24 14:06:23', 7.00, 'PB1', 'EXPIRED', 3),
(706, 10, 'CASH', 282604.00, '2023-01-31 03:24:41', 5.00, 'PPN', 'SUCCESS', 6),
(707, 34, 'CREDIT', 909638.00, '2022-12-31 02:15:56', 1.00, 'PPN', 'SUCCESS', 6),
(708, 33, 'CREDIT', 662613.00, '2022-07-17 07:06:20', 3.00, 'PB1', 'SUCCESS', 6),
(709, 73, 'CASH', 57329.00, '2023-04-05 12:18:50', 8.00, 'PPN', 'SUCCESS', 6),
(710, 53, 'CASH', 367583.00, '2023-09-24 14:42:02', 7.00, 'PPN', 'SUCCESS', 4),
(711, 35, 'DEBIT', 255331.00, '2022-08-30 13:00:00', 10.00, 'PB1', 'PENDING', 2),
(712, 73, 'CASH', 769246.00, '2023-01-02 16:02:42', 1.00, 'PB1', 'SUCCESS', 6),
(713, 20, 'CREDIT', 502253.00, '2023-03-01 18:55:16', 3.00, 'PB1', 'EXPIRED', 4),
(714, 19, 'DEBIT', 735310.00, '2022-05-28 13:36:18', 2.00, 'PB1', 'SUCCESS', 3),
(715, 33, 'QRIS', 290707.00, '2023-10-28 23:08:22', 8.00, 'PB1', 'SUCCESS', 4),
(716, 38, 'DEBIT', 485036.00, '2022-08-02 20:55:55', 4.00, 'PB1', 'FAILED', 5),
(717, 38, 'CREDIT', 682410.00, '2022-12-14 16:32:49', 10.00, 'PPN', 'SUCCESS', 3),
(718, 33, 'QRIS', 694441.00, '2023-10-19 04:33:10', 2.00, 'PPN', 'SUCCESS', 1),
(719, 26, 'QRIS', 592836.00, '2023-10-22 17:42:46', 5.00, 'PPN', 'SUCCESS', 1),
(720, 93, 'QRIS', 334716.00, '2023-10-16 02:07:23', 5.00, 'PPN', 'SUCCESS', 4),
(721, 4, 'CREDIT', 970323.00, '2022-08-29 04:18:04', 1.00, 'PPN', 'SUCCESS', 6),
(722, 36, 'DEBIT', 447937.00, '2023-06-12 10:49:32', 6.00, 'PPN', 'FAILED', 1),
(723, 49, 'DEBIT', 848489.00, '2023-10-28 03:15:19', 1.00, 'PB1', 'SUCCESS', 4),
(724, 60, 'DEBIT', 10756.00, '2022-07-14 23:27:10', 3.00, 'PB1', 'SUCCESS', 1),
(725, 51, 'CREDIT', 802941.00, '2022-10-06 05:59:47', 3.00, 'PPN', 'FAILED', 3),
(726, 48, 'QRIS', 554650.00, '2022-03-12 10:42:28', 9.00, 'PPN', 'SUCCESS', 5),
(727, 68, 'CREDIT', 423568.00, '2023-10-27 01:13:11', 2.00, 'PPN', 'SUCCESS', 5),
(728, 34, 'CREDIT', 365781.00, '2022-03-01 19:40:19', 6.00, 'PB1', 'SUCCESS', 5),
(729, 61, 'CASH', 191084.00, '2022-11-11 01:22:34', 2.00, 'PPN', 'SUCCESS', 5),
(730, 73, 'CREDIT', 190636.00, '2023-07-10 14:26:33', 6.00, 'PB1', 'CANCELED', 5),
(731, 59, 'CASH', 676106.00, '2022-09-12 13:55:30', 6.00, 'PPN', 'EXPIRED', 4),
(732, 72, 'DEBIT', 983590.00, '2022-06-07 00:54:25', 1.00, 'PB1', 'SUCCESS', 5),
(733, 42, 'DEBIT', 396745.00, '2023-03-02 19:11:44', 3.00, 'PPN', 'EXPIRED', 5),
(734, 85, 'CREDIT', 576291.00, '2022-09-28 05:46:21', 3.00, 'PB1', 'SUCCESS', 5),
(735, 1, 'CASH', 924884.00, '2022-12-23 20:55:43', 4.00, 'PPN', 'SUCCESS', 4),
(736, 86, 'CREDIT', 951436.00, '2023-07-05 18:51:57', 7.00, 'PB1', 'FAILED', 3),
(737, 40, 'DEBIT', 522169.00, '2022-06-05 16:53:33', 8.00, 'PPN', 'CANCELED', 1),
(738, 95, 'QRIS', 753563.00, '2023-05-28 20:29:20', 2.00, 'PPN', 'CANCELED', 5),
(739, 6, 'CASH', 507580.00, '2022-11-06 18:37:11', 6.00, 'PB1', 'CANCELED', 5),
(740, 71, 'QRIS', 267333.00, '2023-05-23 00:11:34', 2.00, 'PPN', 'SUCCESS', 1),
(741, 20, 'CASH', 601075.00, '2023-09-17 05:17:19', 3.00, 'PB1', 'SUCCESS', 2),
(742, 75, 'QRIS', 960073.00, '2023-07-26 23:37:31', 10.00, 'PB1', 'SUCCESS', 6),
(743, 1, 'CASH', 189980.00, '2023-06-18 10:02:55', 3.00, 'PPN', 'PENDING', 4),
(744, 54, 'QRIS', 793444.00, '2023-06-05 01:12:47', 3.00, 'PPN', 'SUCCESS', 5),
(745, 96, 'CASH', 443601.00, '2023-08-24 11:59:37', 5.00, 'PPN', 'EXPIRED', 5),
(746, 69, 'CASH', 445762.00, '2022-06-02 01:33:13', 2.00, 'PB1', 'EXPIRED', 6),
(747, 52, 'CASH', 46862.00, '2022-12-07 21:25:29', 10.00, 'PPN', 'SUCCESS', 6),
(748, 27, 'DEBIT', 660229.00, '2023-06-19 23:47:18', 2.00, 'PPN', 'SUCCESS', 5),
(749, 64, 'QRIS', 965978.00, '2023-03-16 16:29:27', 8.00, 'PPN', 'SUCCESS', 4),
(750, 57, 'CREDIT', 932413.00, '2023-10-26 23:35:51', 8.00, 'PB1', 'SUCCESS', 5),
(751, 90, 'CASH', 271799.00, '2022-07-20 11:36:19', 5.00, 'PB1', 'SUCCESS', 1),
(752, 1, 'CASH', 21979.00, '2022-09-23 18:51:15', 2.00, 'PB1', 'SUCCESS', 4),
(753, 46, 'CASH', 481049.00, '2023-08-23 19:12:11', 4.00, 'PB1', 'SUCCESS', 6),
(754, 76, 'CASH', 560798.00, '2023-10-31 18:39:43', 8.00, 'PPN', 'SUCCESS', 3),
(755, 7, 'CREDIT', 436155.00, '2022-12-24 12:12:29', 6.00, 'PB1', 'EXPIRED', 4),
(756, 65, 'DEBIT', 137509.00, '2023-05-02 10:23:41', 9.00, 'PB1', 'SUCCESS', 6),
(757, 36, 'DEBIT', 155293.00, '2022-06-04 20:29:24', 4.00, 'PPN', 'SUCCESS', 6),
(758, 67, 'CASH', 917149.00, '2023-04-21 10:57:46', 10.00, 'PB1', 'EXPIRED', 5),
(759, 41, 'CASH', 779346.00, '2023-09-24 05:22:04', 4.00, 'PPN', 'SUCCESS', 5),
(760, 10, 'CREDIT', 107667.00, '2022-11-01 07:11:00', 7.00, 'PPN', 'SUCCESS', 5),
(761, 8, 'CREDIT', 261857.00, '2023-04-07 22:13:38', 9.00, 'PB1', 'SUCCESS', 5),
(762, 45, 'CREDIT', 888864.00, '2022-11-06 17:37:41', 1.00, 'PPN', 'SUCCESS', 5),
(763, 15, 'DEBIT', 542316.00, '2022-08-02 21:26:39', 5.00, 'PPN', 'SUCCESS', 4),
(764, 23, 'CREDIT', 572171.00, '2023-03-23 12:44:48', 10.00, 'PB1', 'CANCELED', 4),
(765, 61, 'DEBIT', 874029.00, '2022-10-29 11:27:20', 6.00, 'PPN', 'SUCCESS', 1),
(766, 46, 'QRIS', 88706.00, '2022-02-17 15:48:30', 4.00, 'PB1', 'EXPIRED', 1),
(767, 85, 'CREDIT', 181720.00, '2022-08-08 10:37:31', 9.00, 'PPN', 'PENDING', 5),
(768, 66, 'CASH', 436163.00, '2022-09-26 00:12:45', 4.00, 'PB1', 'SUCCESS', 5),
(769, 50, 'QRIS', 965392.00, '2022-01-25 22:23:19', 10.00, 'PB1', 'SUCCESS', 5),
(770, 96, 'CASH', 833272.00, '2022-03-10 19:11:00', 10.00, 'PPN', 'SUCCESS', 4),
(771, 100, 'CASH', 814134.00, '2022-04-15 02:22:09', 3.00, 'PB1', 'FAILED', 4),
(772, 64, 'CREDIT', 867896.00, '2023-07-31 17:38:26', 7.00, 'PB1', 'FAILED', 4),
(773, 88, 'DEBIT', 215715.00, '2022-08-11 23:40:18', 10.00, 'PPN', 'EXPIRED', 5),
(774, 57, 'CREDIT', 494777.00, '2023-01-02 23:22:29', 5.00, 'PPN', 'SUCCESS', 6),
(775, 63, 'DEBIT', 968554.00, '2022-09-14 14:08:25', 5.00, 'PPN', 'PENDING', 1),
(776, 5, 'DEBIT', 413123.00, '2022-12-15 23:54:05', 10.00, 'PPN', 'SUCCESS', 4),
(777, 22, 'QRIS', 216872.00, '2022-05-27 08:43:33', 2.00, 'PB1', 'SUCCESS', 5),
(778, 16, 'QRIS', 69269.00, '2022-09-03 02:57:13', 2.00, 'PPN', 'SUCCESS', 4),
(779, 94, 'CREDIT', 419024.00, '2023-08-02 00:32:49', 2.00, 'PB1', 'SUCCESS', 2),
(780, 40, 'QRIS', 578512.00, '2023-09-07 20:31:23', 9.00, 'PB1', 'SUCCESS', 2),
(781, 26, 'QRIS', 913571.00, '2022-01-02 13:37:35', 4.00, 'PPN', 'SUCCESS', 3),
(782, 4, 'DEBIT', 698535.00, '2022-09-13 10:57:45', 10.00, 'PB1', 'SUCCESS', 5),
(783, 89, 'DEBIT', 3257.00, '2023-09-29 07:32:28', 6.00, 'PPN', 'SUCCESS', 4),
(784, 8, 'DEBIT', 352245.00, '2023-06-18 16:14:59', 2.00, 'PPN', 'SUCCESS', 6),
(785, 88, 'CREDIT', 207060.00, '2023-02-22 02:48:36', 4.00, 'PB1', 'SUCCESS', 1),
(786, 99, 'QRIS', 993815.00, '2023-09-08 02:21:31', 3.00, 'PPN', 'SUCCESS', 5),
(787, 40, 'CREDIT', 326648.00, '2022-05-26 16:36:03', 8.00, 'PB1', 'EXPIRED', 6),
(788, 7, 'CREDIT', 409230.00, '2023-11-12 16:10:30', 8.00, 'PPN', 'SUCCESS', 5),
(789, 33, 'QRIS', 246757.00, '2023-03-07 11:26:52', 8.00, 'PPN', 'FAILED', 4),
(790, 65, 'DEBIT', 791842.00, '2022-03-03 08:43:31', 6.00, 'PPN', 'FAILED', 6),
(791, 71, 'CREDIT', 867379.00, '2022-04-25 12:04:44', 6.00, 'PPN', 'EXPIRED', 4),
(792, 22, 'CASH', 832368.00, '2023-03-14 16:10:11', 6.00, 'PPN', 'SUCCESS', 5),
(793, 12, 'CREDIT', 861807.00, '2022-11-13 17:41:07', 10.00, 'PPN', 'SUCCESS', 4),
(794, 4, 'QRIS', 745347.00, '2023-02-26 10:56:42', 7.00, 'PPN', 'SUCCESS', 5),
(795, 7, 'QRIS', 899000.00, '2022-10-15 11:54:25', 1.00, 'PPN', 'SUCCESS', 5),
(796, 29, 'CREDIT', 442744.00, '2023-09-03 08:19:59', 8.00, 'PB1', 'SUCCESS', 5),
(797, 34, 'DEBIT', 878645.00, '2022-08-05 01:53:53', 1.00, 'PB1', 'SUCCESS', 5),
(798, 59, 'CREDIT', 34839.00, '2022-04-17 01:53:03', 10.00, 'PB1', 'SUCCESS', 5),
(799, 80, 'DEBIT', 898994.00, '2023-05-22 16:15:13', 4.00, 'PPN', 'SUCCESS', 6),
(800, 35, 'CREDIT', 152389.00, '2022-05-18 14:26:01', 5.00, 'PPN', 'EXPIRED', 4),
(801, 33, 'QRIS', 969246.00, '2023-07-03 13:21:19', 6.00, 'PB1', 'PENDING', 3),
(802, 46, 'CASH', 229563.00, '2023-03-23 17:31:00', 7.00, 'PB1', 'SUCCESS', 2),
(803, 59, 'QRIS', 510666.00, '2022-05-28 23:39:24', 1.00, 'PB1', 'EXPIRED', 3),
(804, 1, 'QRIS', 991491.00, '2022-05-23 08:06:02', 10.00, 'PB1', 'CANCELED', 6),
(805, 29, 'QRIS', 118845.00, '2022-09-05 07:44:36', 4.00, 'PPN', 'EXPIRED', 6),
(806, 12, 'DEBIT', 508892.00, '2022-03-02 09:06:33', 6.00, 'PPN', 'CANCELED', 5),
(807, 60, 'QRIS', 174441.00, '2022-08-07 06:35:16', 7.00, 'PB1', 'SUCCESS', 4),
(808, 84, 'CASH', 90051.00, '2023-02-14 15:33:51', 2.00, 'PPN', 'SUCCESS', 2),
(809, 61, 'QRIS', 367977.00, '2022-10-04 01:25:44', 4.00, 'PB1', 'SUCCESS', 3),
(810, 11, 'CREDIT', 891373.00, '2022-12-07 02:47:08', 5.00, 'PB1', 'SUCCESS', 5),
(811, 77, 'DEBIT', 242439.00, '2022-06-13 18:28:54', 8.00, 'PB1', 'SUCCESS', 4),
(812, 36, 'CASH', 102535.00, '2023-04-14 14:27:20', 10.00, 'PB1', 'SUCCESS', 5),
(813, 75, 'CREDIT', 435836.00, '2023-07-15 03:37:52', 8.00, 'PB1', 'SUCCESS', 4),
(814, 2, 'CASH', 94006.00, '2022-05-19 16:01:50', 8.00, 'PPN', 'SUCCESS', 1),
(815, 59, 'QRIS', 139986.00, '2022-02-05 21:12:40', 5.00, 'PB1', 'EXPIRED', 1),
(816, 71, 'DEBIT', 19424.00, '2022-04-26 05:44:07', 7.00, 'PB1', 'SUCCESS', 1),
(817, 84, 'CASH', 681768.00, '2022-09-23 17:29:00', 6.00, 'PB1', 'EXPIRED', 5),
(818, 22, 'CASH', 446722.00, '2023-03-16 08:38:32', 8.00, 'PB1', 'SUCCESS', 5),
(819, 46, 'CREDIT', 852627.00, '2023-11-22 17:58:44', 5.00, 'PPN', 'SUCCESS', 3),
(820, 23, 'CASH', 358247.00, '2022-02-05 05:24:29', 9.00, 'PB1', 'SUCCESS', 6),
(821, 73, 'QRIS', 714395.00, '2023-05-30 18:29:33', 7.00, 'PB1', 'SUCCESS', 5),
(822, 26, 'CASH', 284358.00, '2023-07-29 05:55:05', 4.00, 'PB1', 'CANCELED', 4),
(823, 11, 'DEBIT', 305156.00, '2023-10-28 08:22:41', 9.00, 'PPN', 'SUCCESS', 6),
(824, 34, 'QRIS', 851549.00, '2022-11-18 23:43:47', 8.00, 'PPN', 'SUCCESS', 2),
(825, 45, 'DEBIT', 354866.00, '2022-09-09 09:20:08', 8.00, 'PPN', 'SUCCESS', 5),
(826, 77, 'CREDIT', 318440.00, '2023-07-25 00:14:23', 4.00, 'PB1', 'CANCELED', 4),
(827, 26, 'QRIS', 804345.00, '2023-01-02 02:50:26', 8.00, 'PB1', 'SUCCESS', 1),
(828, 34, 'CREDIT', 688806.00, '2023-09-11 02:34:11', 8.00, 'PPN', 'SUCCESS', 1),
(829, 82, 'QRIS', 286599.00, '2022-10-05 18:05:18', 9.00, 'PB1', 'SUCCESS', 3),
(830, 92, 'CREDIT', 654536.00, '2023-02-03 18:42:23', 6.00, 'PB1', 'EXPIRED', 4),
(831, 25, 'CREDIT', 408289.00, '2022-10-27 00:26:17', 4.00, 'PPN', 'SUCCESS', 4),
(832, 80, 'CASH', 782698.00, '2023-08-29 00:07:45', 8.00, 'PPN', 'SUCCESS', 3),
(833, 89, 'QRIS', 790024.00, '2023-01-11 16:15:08', 3.00, 'PB1', 'SUCCESS', 6),
(834, 85, 'QRIS', 30957.00, '2022-04-03 19:54:27', 5.00, 'PPN', 'FAILED', 2),
(835, 20, 'QRIS', 69610.00, '2023-06-21 15:10:19', 9.00, 'PB1', 'SUCCESS', 6),
(836, 53, 'CASH', 375451.00, '2023-05-30 14:12:42', 6.00, 'PPN', 'EXPIRED', 5),
(837, 23, 'QRIS', 410577.00, '2022-10-06 01:30:29', 5.00, 'PB1', 'PENDING', 6),
(838, 19, 'QRIS', 488262.00, '2023-01-24 09:21:35', 9.00, 'PB1', 'EXPIRED', 3),
(839, 53, 'CREDIT', 100611.00, '2023-11-19 20:00:33', 5.00, 'PB1', 'FAILED', 6),
(840, 93, 'CASH', 10090.00, '2023-02-27 21:11:17', 3.00, 'PPN', 'SUCCESS', 4),
(841, 79, 'QRIS', 920501.00, '2022-10-23 05:26:01', 3.00, 'PPN', 'PENDING', 5),
(842, 71, 'CASH', 818134.00, '2023-07-28 17:27:22', 7.00, 'PPN', 'SUCCESS', 5),
(843, 65, 'DEBIT', 266080.00, '2023-10-27 14:56:25', 8.00, 'PB1', 'SUCCESS', 6),
(844, 81, 'CASH', 292641.00, '2022-03-04 02:25:31', 6.00, 'PPN', 'SUCCESS', 6),
(845, 10, 'CREDIT', 444146.00, '2023-03-13 00:23:19', 4.00, 'PB1', 'CANCELED', 5),
(846, 98, 'QRIS', 430987.00, '2023-03-23 14:59:33', 9.00, 'PB1', 'CANCELED', 5),
(847, 77, 'DEBIT', 532918.00, '2023-11-02 08:22:52', 10.00, 'PB1', 'SUCCESS', 1),
(848, 63, 'DEBIT', 853954.00, '2022-04-23 18:23:20', 2.00, 'PPN', 'SUCCESS', 6),
(849, 68, 'CREDIT', 86996.00, '2022-07-14 04:39:54', 9.00, 'PPN', 'SUCCESS', 4),
(850, 100, 'CASH', 321977.00, '2022-06-11 21:36:44', 3.00, 'PB1', 'SUCCESS', 6),
(851, 20, 'DEBIT', 354898.00, '2022-12-06 01:15:54', 9.00, 'PPN', 'SUCCESS', 6),
(852, 60, 'QRIS', 416431.00, '2022-05-08 04:16:24', 1.00, 'PPN', 'SUCCESS', 1),
(853, 59, 'DEBIT', 787892.00, '2023-03-27 12:27:58', 9.00, 'PB1', 'SUCCESS', 6),
(854, 84, 'CREDIT', 969658.00, '2022-09-05 21:05:42', 8.00, 'PPN', 'SUCCESS', 3),
(855, 34, 'DEBIT', 918412.00, '2023-05-17 09:41:26', 1.00, 'PPN', 'SUCCESS', 6),
(856, 74, 'CASH', 69911.00, '2023-07-12 06:46:15', 9.00, 'PB1', 'EXPIRED', 6),
(857, 1, 'CASH', 573784.00, '2023-03-25 04:58:35', 10.00, 'PPN', 'SUCCESS', 4),
(858, 28, 'CASH', 128892.00, '2022-05-20 23:45:33', 3.00, 'PB1', 'SUCCESS', 4),
(859, 90, 'DEBIT', 367604.00, '2022-01-29 19:00:26', 7.00, 'PPN', 'SUCCESS', 3),
(860, 71, 'CASH', 797746.00, '2023-07-11 13:33:11', 10.00, 'PB1', 'SUCCESS', 4),
(861, 35, 'CREDIT', 619286.00, '2022-06-23 11:57:22', 10.00, 'PPN', 'SUCCESS', 5),
(862, 84, 'CREDIT', 162254.00, '2023-06-29 23:27:52', 7.00, 'PB1', 'SUCCESS', 2),
(863, 53, 'CASH', 373215.00, '2023-02-25 13:18:25', 9.00, 'PB1', 'SUCCESS', 6),
(864, 83, 'CREDIT', 527676.00, '2022-03-21 14:35:37', 9.00, 'PPN', 'SUCCESS', 4),
(865, 14, 'DEBIT', 200407.00, '2022-09-04 14:23:32', 7.00, 'PPN', 'CANCELED', 3),
(866, 52, 'CASH', 935424.00, '2022-07-09 14:54:56', 3.00, 'PB1', 'SUCCESS', 5),
(867, 39, 'CASH', 434192.00, '2023-08-11 19:45:59', 8.00, 'PPN', 'SUCCESS', 4),
(868, 46, 'QRIS', 452330.00, '2023-03-04 15:06:26', 2.00, 'PB1', 'SUCCESS', 1),
(869, 26, 'QRIS', 518009.00, '2022-01-28 20:37:14', 2.00, 'PPN', 'SUCCESS', 4),
(870, 1, 'CREDIT', 578486.00, '2022-11-21 20:56:47', 8.00, 'PB1', 'SUCCESS', 5),
(871, 14, 'CREDIT', 447641.00, '2023-08-06 17:02:59', 8.00, 'PPN', 'SUCCESS', 5),
(872, 42, 'CREDIT', 741940.00, '2022-04-05 20:36:29', 9.00, 'PPN', 'SUCCESS', 5),
(873, 18, 'CASH', 673719.00, '2023-08-16 10:29:24', 8.00, 'PB1', 'SUCCESS', 1),
(874, 52, 'QRIS', 812069.00, '2022-01-10 18:18:24', 4.00, 'PPN', 'SUCCESS', 6),
(875, 3, 'QRIS', 923793.00, '2022-05-20 19:13:23', 5.00, 'PPN', 'FAILED', 4),
(876, 16, 'CASH', 397810.00, '2023-10-09 18:40:17', 7.00, 'PPN', 'PENDING', 5),
(877, 1, 'QRIS', 877383.00, '2023-11-22 12:55:17', 9.00, 'PPN', 'SUCCESS', 3),
(878, 48, 'QRIS', 298477.00, '2023-08-11 17:01:19', 1.00, 'PPN', 'SUCCESS', 5),
(879, 39, 'CREDIT', 335251.00, '2022-06-08 02:37:45', 7.00, 'PPN', 'PENDING', 4),
(880, 51, 'QRIS', 751305.00, '2022-10-17 04:39:35', 3.00, 'PB1', 'SUCCESS', 1),
(881, 48, 'DEBIT', 920328.00, '2023-06-27 07:49:36', 8.00, 'PB1', 'SUCCESS', 5),
(882, 39, 'CASH', 747000.00, '2023-03-18 21:02:29', 9.00, 'PB1', 'EXPIRED', 5),
(883, 90, 'QRIS', 328369.00, '2023-05-03 19:02:59', 1.00, 'PB1', 'EXPIRED', 5),
(884, 50, 'CREDIT', 857677.00, '2022-05-18 11:53:33', 6.00, 'PPN', 'SUCCESS', 1),
(885, 87, 'DEBIT', 398290.00, '2022-09-05 21:28:27', 8.00, 'PB1', 'SUCCESS', 5),
(886, 17, 'DEBIT', 148641.00, '2023-11-21 16:15:16', 7.00, 'PB1', 'SUCCESS', 2),
(887, 52, 'CASH', 519094.00, '2022-12-09 16:57:56', 8.00, 'PPN', 'SUCCESS', 5),
(888, 43, 'QRIS', 244922.00, '2023-04-30 06:37:15', 1.00, 'PPN', 'SUCCESS', 4),
(889, 82, 'DEBIT', 972406.00, '2022-05-07 00:42:57', 2.00, 'PB1', 'SUCCESS', 5),
(890, 49, 'CASH', 390068.00, '2023-03-03 22:33:13', 7.00, 'PPN', 'SUCCESS', 5),
(891, 97, 'CASH', 782486.00, '2022-08-14 15:03:44', 4.00, 'PPN', 'SUCCESS', 4),
(892, 41, 'CREDIT', 932072.00, '2022-08-13 12:18:37', 9.00, 'PB1', 'SUCCESS', 5),
(893, 44, 'CASH', 892606.00, '2022-05-18 08:18:00', 8.00, 'PB1', 'EXPIRED', 5),
(894, 81, 'CREDIT', 353637.00, '2022-10-20 10:00:29', 1.00, 'PPN', 'SUCCESS', 4),
(895, 79, 'CREDIT', 285561.00, '2023-06-18 21:15:58', 3.00, 'PB1', 'SUCCESS', 3),
(896, 44, 'QRIS', 314551.00, '2023-08-28 16:34:02', 4.00, 'PPN', 'PENDING', 5),
(897, 17, 'DEBIT', 824451.00, '2023-09-23 21:54:31', 10.00, 'PPN', 'PENDING', 6),
(898, 59, 'QRIS', 495684.00, '2023-02-23 13:28:45', 6.00, 'PB1', 'CANCELED', 6),
(899, 77, 'CREDIT', 654540.00, '2023-01-14 23:59:47', 3.00, 'PPN', 'SUCCESS', 2),
(900, 13, 'CREDIT', 487407.00, '2023-02-28 17:23:20', 2.00, 'PB1', 'SUCCESS', 1),
(901, 10, 'QRIS', 4571.00, '2022-10-30 02:36:12', 6.00, 'PPN', 'EXPIRED', 4),
(902, 56, 'CREDIT', 72484.00, '2022-02-26 15:39:23', 2.00, 'PB1', 'SUCCESS', 6),
(903, 19, 'CREDIT', 253803.00, '2022-03-25 01:40:35', 7.00, 'PPN', 'SUCCESS', 2),
(904, 99, 'DEBIT', 758954.00, '2022-07-03 23:36:35', 1.00, 'PB1', 'SUCCESS', 5),
(905, 27, 'QRIS', 795936.00, '2023-08-28 10:23:53', 6.00, 'PPN', 'SUCCESS', 5),
(906, 40, 'CASH', 703914.00, '2023-11-06 12:42:32', 5.00, 'PPN', 'SUCCESS', 6),
(907, 41, 'CASH', 797728.00, '2022-03-13 04:54:24', 2.00, 'PPN', 'SUCCESS', 5),
(908, 85, 'DEBIT', 831760.00, '2023-07-05 01:22:22', 8.00, 'PB1', 'SUCCESS', 6),
(909, 99, 'CASH', 539083.00, '2022-04-05 10:31:21', 3.00, 'PB1', 'SUCCESS', 1),
(910, 6, 'CASH', 700065.00, '2022-07-04 05:56:01', 3.00, 'PB1', 'SUCCESS', 3),
(911, 91, 'QRIS', 462357.00, '2023-01-18 08:42:11', 8.00, 'PPN', 'SUCCESS', 6),
(912, 67, 'DEBIT', 210634.00, '2022-10-17 05:17:25', 10.00, 'PB1', 'SUCCESS', 5),
(913, 94, 'CASH', 271601.00, '2022-06-21 00:57:16', 8.00, 'PPN', 'EXPIRED', 5),
(914, 41, 'QRIS', 569677.00, '2022-02-04 11:29:03', 9.00, 'PPN', 'EXPIRED', 4),
(915, 56, 'CREDIT', 632207.00, '2023-09-02 05:56:56', 3.00, 'PPN', 'SUCCESS', 4),
(916, 38, 'CREDIT', 251145.00, '2023-01-13 10:31:30', 8.00, 'PB1', 'SUCCESS', 1),
(917, 50, 'DEBIT', 912997.00, '2022-05-28 09:24:17', 2.00, 'PPN', 'SUCCESS', 1),
(918, 98, 'DEBIT', 864579.00, '2022-11-25 21:35:29', 1.00, 'PB1', 'EXPIRED', 2),
(919, 45, 'QRIS', 839451.00, '2023-10-05 22:54:10', 9.00, 'PPN', 'FAILED', 4),
(920, 27, 'CASH', 653965.00, '2023-02-19 13:43:22', 3.00, 'PPN', 'SUCCESS', 5),
(921, 28, 'CASH', 305254.00, '2023-07-14 22:47:40', 2.00, 'PPN', 'SUCCESS', 6),
(922, 82, 'QRIS', 779148.00, '2022-02-18 02:13:45', 9.00, 'PPN', 'SUCCESS', 5),
(923, 57, 'DEBIT', 1580.00, '2023-05-08 21:41:09', 6.00, 'PB1', 'SUCCESS', 5),
(924, 55, 'CASH', 219356.00, '2023-07-24 05:12:35', 9.00, 'PPN', 'SUCCESS', 1),
(925, 8, 'CASH', 16850.00, '2023-07-21 12:34:52', 8.00, 'PB1', 'SUCCESS', 4),
(926, 54, 'QRIS', 881406.00, '2023-04-21 15:11:49', 7.00, 'PPN', 'PENDING', 6),
(927, 13, 'CREDIT', 415576.00, '2022-02-13 20:40:30', 4.00, 'PPN', 'SUCCESS', 2),
(928, 60, 'DEBIT', 266105.00, '2022-07-08 18:59:11', 3.00, 'PPN', 'SUCCESS', 4),
(929, 47, 'CASH', 144538.00, '2021-12-31 22:25:40', 6.00, 'PPN', 'SUCCESS', 3),
(930, 8, 'QRIS', 878034.00, '2022-10-16 22:47:34', 8.00, 'PPN', 'PENDING', 4),
(931, 40, 'CREDIT', 394929.00, '2022-11-30 10:47:17', 2.00, 'PPN', 'FAILED', 6),
(932, 76, 'QRIS', 35333.00, '2022-10-27 19:54:19', 3.00, 'PB1', 'SUCCESS', 5),
(933, 92, 'DEBIT', 581513.00, '2022-04-17 20:16:50', 8.00, 'PPN', 'SUCCESS', 4),
(934, 49, 'CREDIT', 16545.00, '2022-11-26 19:54:50', 6.00, 'PPN', 'SUCCESS', 2),
(935, 10, 'QRIS', 151930.00, '2023-08-26 23:27:20', 4.00, 'PB1', 'SUCCESS', 3),
(936, 82, 'CREDIT', 915439.00, '2022-02-04 05:29:49', 9.00, 'PPN', 'FAILED', 6),
(937, 38, 'CREDIT', 16121.00, '2022-12-14 21:56:35', 4.00, 'PPN', 'EXPIRED', 4),
(938, 38, 'CASH', 200757.00, '2022-09-17 12:23:31', 5.00, 'PB1', 'PENDING', 1),
(939, 98, 'CASH', 33607.00, '2022-07-06 14:21:13', 5.00, 'PPN', 'SUCCESS', 5),
(940, 9, 'CREDIT', 707893.00, '2022-11-05 01:17:53', 1.00, 'PB1', 'SUCCESS', 5),
(941, 30, 'CASH', 457955.00, '2022-04-25 19:56:50', 10.00, 'PB1', 'SUCCESS', 4),
(942, 58, 'CREDIT', 82348.00, '2022-12-24 09:15:11', 7.00, 'PPN', 'SUCCESS', 3),
(943, 49, 'CASH', 105576.00, '2022-12-02 04:42:10', 9.00, 'PPN', 'SUCCESS', 3),
(944, 64, 'CREDIT', 947428.00, '2022-04-27 06:40:34', 2.00, 'PB1', 'SUCCESS', 1),
(945, 59, 'DEBIT', 170077.00, '2022-04-11 07:01:05', 5.00, 'PB1', 'SUCCESS', 4),
(946, 98, 'DEBIT', 136538.00, '2023-01-31 18:02:40', 8.00, 'PB1', 'SUCCESS', 5),
(947, 35, 'CASH', 221951.00, '2022-02-27 03:17:54', 1.00, 'PB1', 'PENDING', 5),
(948, 14, 'CASH', 798694.00, '2023-05-24 23:27:14', 3.00, 'PPN', 'PENDING', 5),
(949, 62, 'CREDIT', 345373.00, '2023-06-20 08:24:58', 7.00, 'PB1', 'SUCCESS', 5),
(950, 72, 'QRIS', 711737.00, '2023-01-24 08:13:23', 7.00, 'PB1', 'SUCCESS', 6),
(951, 22, 'DEBIT', 637812.00, '2023-01-26 03:59:10', 7.00, 'PB1', 'SUCCESS', 1),
(952, 46, 'DEBIT', 76568.00, '2022-12-19 12:03:53', 1.00, 'PB1', 'SUCCESS', 4),
(953, 58, 'CREDIT', 699870.00, '2022-04-06 14:18:00', 5.00, 'PPN', 'SUCCESS', 3),
(954, 69, 'DEBIT', 576584.00, '2023-06-15 13:26:58', 10.00, 'PB1', 'CANCELED', 5),
(955, 58, 'CREDIT', 130229.00, '2022-06-11 22:50:50', 8.00, 'PPN', 'SUCCESS', 5),
(956, 33, 'CREDIT', 204994.00, '2022-09-18 18:26:32', 7.00, 'PB1', 'PENDING', 5),
(957, 41, 'CASH', 300067.00, '2022-05-08 09:48:52', 1.00, 'PB1', 'SUCCESS', 5),
(958, 10, 'CASH', 23350.00, '2023-11-03 22:36:19', 2.00, 'PPN', 'FAILED', 3),
(959, 75, 'DEBIT', 429131.00, '2022-09-26 04:36:21', 1.00, 'PB1', 'CANCELED', 6),
(960, 100, 'DEBIT', 608393.00, '2022-07-05 08:33:26', 8.00, 'PB1', 'SUCCESS', 5),
(961, 6, 'CREDIT', 946073.00, '2022-05-12 18:55:34', 10.00, 'PPN', 'PENDING', 5),
(962, 20, 'QRIS', 90936.00, '2023-01-28 14:32:12', 10.00, 'PPN', 'SUCCESS', 4),
(963, 96, 'DEBIT', 821255.00, '2023-06-30 07:09:39', 9.00, 'PPN', 'SUCCESS', 6),
(964, 58, 'CASH', 370031.00, '2022-01-04 02:37:40', 5.00, 'PB1', 'SUCCESS', 4),
(965, 34, 'CREDIT', 300683.00, '2022-11-22 08:17:13', 1.00, 'PB1', 'SUCCESS', 1),
(966, 73, 'QRIS', 927618.00, '2022-03-06 21:09:17', 1.00, 'PB1', 'SUCCESS', 5),
(967, 50, 'DEBIT', 482097.00, '2022-05-27 20:51:28', 6.00, 'PB1', 'EXPIRED', 5),
(968, 92, 'DEBIT', 62476.00, '2022-10-18 16:15:02', 1.00, 'PPN', 'SUCCESS', 3),
(969, 88, 'QRIS', 494174.00, '2023-01-06 07:21:28', 5.00, 'PPN', 'CANCELED', 4),
(970, 76, 'DEBIT', 757686.00, '2022-09-17 16:38:22', 1.00, 'PB1', 'SUCCESS', 4),
(971, 62, 'CASH', 31093.00, '2022-10-22 08:16:43', 3.00, 'PB1', 'SUCCESS', 4),
(972, 25, 'QRIS', 37922.00, '2022-03-16 18:49:34', 9.00, 'PB1', 'SUCCESS', 2),
(973, 72, 'DEBIT', 95137.00, '2023-02-13 14:53:28', 3.00, 'PPN', 'CANCELED', 3),
(974, 83, 'CREDIT', 677063.00, '2023-10-12 14:58:21', 4.00, 'PB1', 'PENDING', 3),
(975, 47, 'QRIS', 659626.00, '2023-07-01 22:34:38', 4.00, 'PB1', 'SUCCESS', 6),
(976, 45, 'DEBIT', 440968.00, '2022-06-06 22:59:38', 1.00, 'PB1', 'SUCCESS', 6),
(977, 61, 'CASH', 422870.00, '2022-08-05 22:26:58', 3.00, 'PPN', 'SUCCESS', 3),
(978, 58, 'DEBIT', 743380.00, '2023-01-17 19:32:50', 4.00, 'PPN', 'SUCCESS', 5),
(979, 55, 'DEBIT', 955468.00, '2023-08-17 08:17:46', 6.00, 'PPN', 'PENDING', 6),
(980, 100, 'DEBIT', 637384.00, '2022-11-07 04:42:14', 7.00, 'PB1', 'SUCCESS', 5),
(981, 6, 'DEBIT', 419486.00, '2023-06-14 22:17:40', 8.00, 'PPN', 'EXPIRED', 4),
(982, 56, 'DEBIT', 93540.00, '2022-01-19 23:05:55', 2.00, 'PB1', 'CANCELED', 3),
(983, 73, 'CREDIT', 618445.00, '2023-01-23 07:04:46', 1.00, 'PB1', 'FAILED', 3),
(984, 30, 'CASH', 585462.00, '2023-05-31 12:16:21', 3.00, 'PB1', 'EXPIRED', 1),
(985, 56, 'CREDIT', 406008.00, '2022-01-25 00:04:54', 8.00, 'PPN', 'SUCCESS', 6),
(986, 32, 'QRIS', 736583.00, '2022-10-03 21:22:40', 2.00, 'PPN', 'SUCCESS', 4),
(987, 6, 'QRIS', 460382.00, '2022-01-23 16:09:17', 5.00, 'PB1', 'EXPIRED', 4),
(988, 31, 'CREDIT', 585616.00, '2022-09-13 07:46:21', 6.00, 'PB1', 'SUCCESS', 2),
(989, 72, 'QRIS', 509145.00, '2023-07-20 07:46:57', 8.00, 'PB1', 'SUCCESS', 6),
(990, 83, 'CASH', 481437.00, '2022-11-05 21:23:13', 7.00, 'PPN', 'SUCCESS', 3),
(991, 24, 'QRIS', 810921.00, '2022-03-05 18:33:45', 10.00, 'PB1', 'CANCELED', 4),
(992, 2, 'CASH', 215201.00, '2023-01-03 04:59:04', 9.00, 'PB1', 'SUCCESS', 2),
(993, 63, 'DEBIT', 754038.00, '2023-02-23 21:06:31', 7.00, 'PB1', 'SUCCESS', 6),
(994, 63, 'CASH', 833643.00, '2022-05-20 04:30:46', 4.00, 'PPN', 'PENDING', 6),
(995, 26, 'DEBIT', 984665.00, '2023-05-14 20:58:54', 8.00, 'PPN', 'SUCCESS', 6),
(996, 97, 'CASH', 994072.00, '2023-07-07 01:59:05', 10.00, 'PPN', 'EXPIRED', 1),
(997, 23, 'CASH', 78973.00, '2022-08-30 01:00:43', 10.00, 'PB1', 'SUCCESS', 5),
(998, 60, 'DEBIT', 905524.00, '2023-06-03 16:51:58', 4.00, 'PB1', 'SUCCESS', 5),
(999, 79, 'CREDIT', 895629.00, '2022-11-06 13:54:26', 6.00, 'PB1', 'SUCCESS', 6),
(1000, 83, 'QRIS', 879.00, '2023-04-04 11:59:23', 3.00, 'PPN', 'SUCCESS', 5);

--
-- Indexes for dumped tables
--

--
-- Indexes for table `company`
--
ALTER TABLE `company`
  ADD PRIMARY KEY (`id`);

--
-- Indexes for table `customer`
--
ALTER TABLE `customer`
  ADD PRIMARY KEY (`id`),
  ADD UNIQUE KEY `email` (`email`),
  ADD UNIQUE KEY `phone_number` (`phone_number`),
  ADD KEY `company` (`company`);

--
-- Indexes for table `product`
--
ALTER TABLE `product`
  ADD PRIMARY KEY (`id`);

--
-- Indexes for table `transaction`
--
ALTER TABLE `transaction`
  ADD PRIMARY KEY (`id`),
  ADD KEY `customer_id` (`customer_id`),
  ADD KEY `product_id` (`product_id`);

--
-- AUTO_INCREMENT for dumped tables
--

--
-- AUTO_INCREMENT for table `company`
--
ALTER TABLE `company`
  MODIFY `id` int(11) NOT NULL AUTO_INCREMENT, AUTO_INCREMENT=7;

--
-- AUTO_INCREMENT for table `customer`
--
ALTER TABLE `customer`
  MODIFY `id` int(11) NOT NULL AUTO_INCREMENT, AUTO_INCREMENT=101;

--
-- AUTO_INCREMENT for table `product`
--
ALTER TABLE `product`
  MODIFY `id` int(11) NOT NULL AUTO_INCREMENT, AUTO_INCREMENT=7;

--
-- AUTO_INCREMENT for table `transaction`
--
ALTER TABLE `transaction`
  MODIFY `id` int(11) NOT NULL AUTO_INCREMENT, AUTO_INCREMENT=1001;

--
-- Constraints for dumped tables
--

--
-- Constraints for table `customer`
--
ALTER TABLE `customer`
  ADD CONSTRAINT `customer_ibfk_1` FOREIGN KEY (`company`) REFERENCES `company` (`id`);

--
-- Constraints for table `transaction`
--
ALTER TABLE `transaction`
  ADD CONSTRAINT `transaction_ibfk_1` FOREIGN KEY (`customer_id`) REFERENCES `customer` (`id`),
  ADD CONSTRAINT `transaction_ibfk_2` FOREIGN KEY (`product_id`) REFERENCES `product` (`id`);
COMMIT;

/*!40101 SET CHARACTER_SET_CLIENT=@OLD_CHARACTER_SET_CLIENT */;
/*!40101 SET CHARACTER_SET_RESULTS=@OLD_CHARACTER_SET_RESULTS */;
/*!40101 SET COLLATION_CONNECTION=@OLD_COLLATION_CONNECTION */;
